Reference,Population,Value,Footprint,MPN_candidate,Tolerance_requirement,Voltage_requirement,Power_requirement,Dielectric,Procurement_status,Notes
U1,POPULATE,STM32WB5MMGH6TR,RF_Module:ST-SiP-LGA-86-11x7.3mm,STM32WB5MMGH6TR,,,,,NO,
U2,POPULATE,SN74LVC1G08DBVR,Package_TO_SOT_SMD:SOT-23-5,SN74LVC1G08DBVR,,,,,MPN identified; availability and package still review,
R1,POPULATE,0R analog feed,Resistor_SMD:R_0603_1608Metric,,1% (0-ohm links: max DCR/current must be confirmed),,0.10 W,,NO,"Minimum power target; exact vendor voltage, pulse and current ratings require approval. Supplier MPN is not frozen."
R2,POPULATE,10k BOOT pulldown,Resistor_SMD:R_0603_1608Metric,,1% (0-ohm links: max DCR/current must be confirmed),,0.10 W,,NO,"Minimum power target; exact vendor voltage, pulse and current ratings require approval. Supplier MPN is not frozen."
R3,POPULATE,10k,Resistor_SMD:R_0603_1608Metric,,1% (0-ohm links: max DCR/current must be confirmed),,0.10 W,,NO,"Minimum power target; exact vendor voltage, pulse and current ratings require approval. Supplier MPN is not frozen."
R4,POPULATE,10k,Resistor_SMD:R_0603_1608Metric,,1% (0-ohm links: max DCR/current must be confirmed),,0.10 W,,NO,"Minimum power target; exact vendor voltage, pulse and current ratings require approval. Supplier MPN is not frozen."
R5,POPULATE,100k,Resistor_SMD:R_0603_1608Metric,,1% (0-ohm links: max DCR/current must be confirmed),,0.10 W,,NO,"Minimum power target; exact vendor voltage, pulse and current ratings require approval. Supplier MPN is not frozen."
R6,POPULATE,100k,Resistor_SMD:R_0603_1608Metric,,1% (0-ohm links: max DCR/current must be confirmed),,0.10 W,,NO,"Minimum power target; exact vendor voltage, pulse and current ratings require approval. Supplier MPN is not frozen."
R7,POPULATE,100k,Resistor_SMD:R_0603_1608Metric,,1% (0-ohm links: max DCR/current must be confirmed),,0.10 W,,NO,"Minimum power target; exact vendor voltage, pulse and current ratings require approval. Supplier MPN is not frozen."
R8,POPULATE,4.7k,Resistor_SMD:R_0603_1608Metric,,1% (0-ohm links: max DCR/current must be confirmed),,0.10 W,,NO,"Minimum power target; exact vendor voltage, pulse and current ratings require approval. Supplier MPN is not frozen."
R9,POPULATE,4.7k,Resistor_SMD:R_0603_1608Metric,,1% (0-ohm links: max DCR/current must be confirmed),,0.10 W,,NO,"Minimum power target; exact vendor voltage, pulse and current ratings require approval. Supplier MPN is not frozen."
R10,POPULATE,47k,Resistor_SMD:R_0603_1608Metric,,1% (0-ohm links: max DCR/current must be confirmed),,0.10 W,,NO,"Minimum power target; exact vendor voltage, pulse and current ratings require approval. Supplier MPN is not frozen."
R11,POPULATE,47k,Resistor_SMD:R_0603_1608Metric,,1% (0-ohm links: max DCR/current must be confirmed),,0.10 W,,NO,"Minimum power target; exact vendor voltage, pulse and current ratings require approval. Supplier MPN is not frozen."
R12,POPULATE,47k,Resistor_SMD:R_0603_1608Metric,,1% (0-ohm links: max DCR/current must be confirmed),,0.10 W,,NO,"Minimum power target; exact vendor voltage, pulse and current ratings require approval. Supplier MPN is not frozen."
R13,POPULATE,47k,Resistor_SMD:R_0603_1608Metric,,1% (0-ohm links: max DCR/current must be confirmed),,0.10 W,,NO,"Minimum power target; exact vendor voltage, pulse and current ratings require approval. Supplier MPN is not frozen."
R14,POPULATE,10k,Resistor_SMD:R_0603_1608Metric,,1% (0-ohm links: max DCR/current must be confirmed),,0.10 W,,NO,"Minimum power target; exact vendor voltage, pulse and current ratings require approval. Supplier MPN is not frozen."
R15,POPULATE,1k BOOT series,Resistor_SMD:R_0603_1608Metric,,1% (0-ohm links: max DCR/current must be confirmed),,0.10 W,,NO,"Minimum power target; exact vendor voltage, pulse and current ratings require approval. Supplier MPN is not frozen."
R16,POPULATE,1k LED,Resistor_SMD:R_0603_1608Metric,,1% (0-ohm links: max DCR/current must be confirmed),,0.10 W,,NO,"Minimum power target; exact vendor voltage, pulse and current ratings require approval. Supplier MPN is not frozen."
C1,POPULATE,4.7u 10V X7R,Capacitor_SMD:C_0805_2012Metric,,"5% for C0G; 10% for X7R, unless matching requires tighter",10 V minimum,,X7R,NO,Confirm effective capacitance at operating DC bias. RF matching and crystal load values are initial tuning targets. Supplier MPN is not frozen.
C2,POPULATE,100n 10V X7R,Capacitor_SMD:C_0603_1608Metric,,"5% for C0G; 10% for X7R, unless matching requires tighter",10 V minimum,,X7R,NO,Confirm effective capacitance at operating DC bias. RF matching and crystal load values are initial tuning targets. Supplier MPN is not frozen.
C3,POPULATE,1u 10V X7R,Capacitor_SMD:C_0603_1608Metric,,"5% for C0G; 10% for X7R, unless matching requires tighter",10 V minimum,,X7R,NO,Confirm effective capacitance at operating DC bias. RF matching and crystal load values are initial tuning targets. Supplier MPN is not frozen.
C4,POPULATE,10n 10V X7R,Capacitor_SMD:C_0603_1608Metric,,"5% for C0G; 10% for X7R, unless matching requires tighter",10 V minimum,,X7R,NO,Confirm effective capacitance at operating DC bias. RF matching and crystal load values are initial tuning targets. Supplier MPN is not frozen.
C5,POPULATE,100n RESET,Capacitor_SMD:C_0603_1608Metric,,"5% for C0G; 10% for X7R, unless matching requires tighter",10 V minimum,,X7R,NO,Confirm effective capacitance at operating DC bias. RF matching and crystal load values are initial tuning targets. Supplier MPN is not frozen.
C6,POPULATE,100n USB supply,Capacitor_SMD:C_0603_1608Metric,,"5% for C0G; 10% for X7R, unless matching requires tighter",10 V minimum,,X7R,NO,Confirm effective capacitance at operating DC bias. RF matching and crystal load values are initial tuning targets. Supplier MPN is not frozen.
C7,POPULATE,100n gate supply,Capacitor_SMD:C_0603_1608Metric,,"5% for C0G; 10% for X7R, unless matching requires tighter",10 V minimum,,X7R,NO,Confirm effective capacitance at operating DC bias. RF matching and crystal load values are initial tuning targets. Supplier MPN is not frozen.
C8,POPULATE,10u 10V X7R,Capacitor_SMD:C_0805_2012Metric,,"5% for C0G; 10% for X7R, unless matching requires tighter",10 V minimum,,X7R,NO,Confirm effective capacitance at operating DC bias. RF matching and crystal load values are initial tuning targets. Supplier MPN is not frozen.
SW1,POPULATE,RESET,Button_Switch_SMD:SW_SPST_TL3342,TL3342F160QG,,,,,NO,
SW2,POPULATE,CONFIRM,Button_Switch_SMD:SW_SPST_TL3342,TL3342F160QG,,,,,NO,
SW3,POPULATE,STOP_REQUEST,Button_Switch_SMD:SW_SPST_TL3342,TL3342F160QG,,,,,NO,
SW4,POPULATE,HARD_DISABLE / ALLOW,Button_Switch_SMD:SW_SPDT_CK_JS102011SAQN,JS102011SAQN,,,,,NO,
SW5,POPULATE,BOOT_HOLD,Button_Switch_SMD:SW_SPST_TL3342,TL3342F160QG,,,,,NO,
D1,POPULATE,STATUS_LED,LED_SMD:LED_0603_1608Metric,,,,,,NO,Supplier MPN is not frozen.
U201,POPULATE,TPS2116DRLR,Package_TO_SOT_SMD:SOT-583-8,TPS2116DRLR,,,,,MPN identified; availability and package still review,
R201,POPULATE,330k 1%,Resistor_SMD:R_0603_1608Metric,,1%,,0.10 W,,NO,"Minimum power target; exact vendor voltage, pulse and current ratings require approval. Supplier MPN is not frozen."
R202,POPULATE,100k 1%,Resistor_SMD:R_0603_1608Metric,,1%,,0.10 W,,NO,"Minimum power target; exact vendor voltage, pulse and current ratings require approval. Supplier MPN is not frozen."
R203,POPULATE,10k 1%,Resistor_SMD:R_0603_1608Metric,,1%,,0.10 W,,NO,"Minimum power target; exact vendor voltage, pulse and current ratings require approval. Supplier MPN is not frozen."
C201,POPULATE,4.7u 10V X7R,Capacitor_SMD:C_0805_2012Metric,,"5% for C0G; 10% for X7R, unless matching requires tighter",10 V minimum,,X7R,NO,Confirm effective capacitance at operating DC bias. RF matching and crystal load values are initial tuning targets. Supplier MPN is not frozen.
C202,POPULATE,4.7u 10V X7R,Capacitor_SMD:C_0805_2012Metric,,"5% for C0G; 10% for X7R, unless matching requires tighter",10 V minimum,,X7R,NO,Confirm effective capacitance at operating DC bias. RF matching and crystal load values are initial tuning targets. Supplier MPN is not frozen.
C203,POPULATE,22u 10V X7R,Capacitor_SMD:C_1206_3216Metric,,"5% for C0G; 10% for X7R, unless matching requires tighter",10 V minimum,,X7R,NO,Confirm effective capacitance at operating DC bias. RF matching and crystal load values are initial tuning targets. Supplier MPN is not frozen.
U202,POPULATE,AP63203WU-7,Package_TO_SOT_SMD:TSOT-23-6,AP63203WU-7,,,,,MPN identified; availability and package still review,
L201,POPULATE,4.7uH SRN8040TA-4R7M,Inductor_SMD:L_Bourns_SRN8040TA,,,,,,NO,"Exact RF series, Q/SRF/DCR and footprint require confirmation; power inductor saturation and temperature rise require verification. Supplier MPN is not frozen."
C204,POPULATE,100n 25V X7R,Capacitor_SMD:C_0402_1005Metric,,"5% for C0G; 10% for X7R, unless matching requires tighter",25 V minimum,,X7R,NO,Confirm effective capacitance at operating DC bias. RF matching and crystal load values are initial tuning targets. Supplier MPN is not frozen.
C205,POPULATE,10u 10V X7R,Capacitor_SMD:C_0805_2012Metric,,"5% for C0G; 10% for X7R, unless matching requires tighter",10 V minimum,,X7R,NO,Confirm effective capacitance at operating DC bias. RF matching and crystal load values are initial tuning targets. Supplier MPN is not frozen.
C206,POPULATE,22u 10V X7R,Capacitor_SMD:C_1206_3216Metric,,"5% for C0G; 10% for X7R, unless matching requires tighter",10 V minimum,,X7R,NO,Confirm effective capacitance at operating DC bias. RF matching and crystal load values are initial tuning targets. Supplier MPN is not frozen.
C207,POPULATE,22u 10V X7R,Capacitor_SMD:C_1206_3216Metric,,"5% for C0G; 10% for X7R, unless matching requires tighter",10 V minimum,,X7R,NO,Confirm effective capacitance at operating DC bias. RF matching and crystal load values are initial tuning targets. Supplier MPN is not frozen.
R204,POPULATE,0R FB sense,Resistor_SMD:R_0603_1608Metric,,1% (0-ohm links: max DCR/current must be confirmed),,0.10 W,,NO,"Minimum power target; exact vendor voltage, pulse and current ratings require approval. Supplier MPN is not frozen."
J101,POPULATE,GCT USB4105-GF-A / PHONE USB2 FS + 5V,Connector_USB:USB_C_Receptacle_GCT_USB4105-xx-A_16P_TopMnt_Horizontal,USB4105-GF-A,,,,,NO,
J102,POPULATE,GCT USB4105-GF-A / AUX 5V input only,Connector_USB:USB_C_Receptacle_GCT_USB4105-xx-A_16P_TopMnt_Horizontal,USB4105-GF-A,,,,,NO,
TP1,PCB_ONLY,V3V3,TestPoint:TestPoint_Pad_D1.0mm,,,,,,NO,
TP2,PCB_ONLY,GND,TestPoint:TestPoint_Pad_D1.0mm,,,,,,NO,
TP3,PCB_ONLY,SWDIO,TestPoint:TestPoint_Pad_D1.0mm,,,,,,NO,
TP4,PCB_ONLY,SWCLK,TestPoint:TestPoint_Pad_D1.0mm,,,,,,NO,
TP5,PCB_ONLY,NRST,TestPoint:TestPoint_Pad_D1.0mm,,,,,,NO,
TP6,PCB_ONLY,CORE5,TestPoint:TestPoint_Pad_D1.0mm,,,,,,NO,
TP7,PCB_ONLY,EXT5,TestPoint:TestPoint_Pad_D1.0mm,,,,,,NO,
TP8,PCB_ONLY,PHONE5,TestPoint:TestPoint_Pad_D1.0mm,,,,,,NO,
D101,POPULATE,TPD2EUSB30DRTR,Package_TO_SOT_SMD:Texas_DRT-3,TPD2EUSB30DRTR,,,,,MPN identified; availability and package still review,
U301,POPULATE,TPS22919DCKR,Package_TO_SOT_SMD:SOT-363_SC-70-6,TPS22919DCKR,,,,,MPN identified; availability and package still review,
U302,POPULATE,"74LVC125APW,118 Nexperia",Package_SO:TSSOP-14_4.4x5mm_P0.65mm,"74LVC125APW,118 Nexperia",,,,,MPN identified; availability and package still review,
U303,POPULATE,SN74LVC1G32DBVR,Package_TO_SOT_SMD:SOT-23-5,SN74LVC1G32DBVR,,,,,MPN identified; availability and package still review,
J301,POPULATE,DM3AT-SF-PEJM5,Connector_Card:microSD_HC_Hirose_DM3AT-SF-PEJM5,DM3AT-SF-PEJM5,,,,,MPN identified; availability and package still review,
D301,POPULATE,TPD2EUSB30DRTR,Package_TO_SOT_SMD:Texas_DRT-3,TPD2EUSB30DRTR,,,,,MPN identified; availability and package still review,
D302,POPULATE,TPD2EUSB30DRTR,Package_TO_SOT_SMD:Texas_DRT-3,TPD2EUSB30DRTR,,,,,MPN identified; availability and package still review,
D303,POPULATE,TPD2EUSB30DRTR,Package_TO_SOT_SMD:Texas_DRT-3,TPD2EUSB30DRTR,,,,,MPN identified; availability and package still review,
R301,POPULATE,100R QOD,Resistor_SMD:R_0603_1608Metric,,1% (0-ohm links: max DCR/current must be confirmed),,0.10 W,,NO,"Minimum power target; exact vendor voltage, pulse and current ratings require approval. Supplier MPN is not frozen."
R302,POPULATE,100k,Resistor_SMD:R_0603_1608Metric,,1% (0-ohm links: max DCR/current must be confirmed),,0.10 W,,NO,"Minimum power target; exact vendor voltage, pulse and current ratings require approval. Supplier MPN is not frozen."
R303,POPULATE,22R clock damping,Resistor_SMD:R_0603_1608Metric,,1% (0-ohm links: max DCR/current must be confirmed),,0.10 W,,NO,"Minimum power target; exact vendor voltage, pulse and current ratings require approval. Supplier MPN is not frozen."
R304,POPULATE,22R command damping,Resistor_SMD:R_0603_1608Metric,,1% (0-ohm links: max DCR/current must be confirmed),,0.10 W,,NO,"Minimum power target; exact vendor voltage, pulse and current ratings require approval. Supplier MPN is not frozen."
R305,POPULATE,22R MISO damping,Resistor_SMD:R_0603_1608Metric,,1% (0-ohm links: max DCR/current must be confirmed),,0.10 W,,NO,"Minimum power target; exact vendor voltage, pulse and current ratings require approval. Supplier MPN is not frozen."
R306,POPULATE,10k default isolated,Resistor_SMD:R_0603_1608Metric,,1% (0-ohm links: max DCR/current must be confirmed),,0.10 W,,NO,"Minimum power target; exact vendor voltage, pulse and current ratings require approval. Supplier MPN is not frozen."
R307,POPULATE,47k,Resistor_SMD:R_0603_1608Metric,,1% (0-ohm links: max DCR/current must be confirmed),,0.10 W,,NO,"Minimum power target; exact vendor voltage, pulse and current ratings require approval. Supplier MPN is not frozen."
R308,POPULATE,47k,Resistor_SMD:R_0603_1608Metric,,1% (0-ohm links: max DCR/current must be confirmed),,0.10 W,,NO,"Minimum power target; exact vendor voltage, pulse and current ratings require approval. Supplier MPN is not frozen."
R309,POPULATE,47k,Resistor_SMD:R_0603_1608Metric,,1% (0-ohm links: max DCR/current must be confirmed),,0.10 W,,NO,"Minimum power target; exact vendor voltage, pulse and current ratings require approval. Supplier MPN is not frozen."
R310,POPULATE,47k,Resistor_SMD:R_0603_1608Metric,,1% (0-ohm links: max DCR/current must be confirmed),,0.10 W,,NO,"Minimum power target; exact vendor voltage, pulse and current ratings require approval. Supplier MPN is not frozen."
R311,POPULATE,47k,Resistor_SMD:R_0603_1608Metric,,1% (0-ohm links: max DCR/current must be confirmed),,0.10 W,,NO,"Minimum power target; exact vendor voltage, pulse and current ratings require approval. Supplier MPN is not frozen."
R312,POPULATE,47k,Resistor_SMD:R_0603_1608Metric,,1% (0-ohm links: max DCR/current must be confirmed),,0.10 W,,NO,"Minimum power target; exact vendor voltage, pulse and current ratings require approval. Supplier MPN is not frozen."
R313,POPULATE,1k detect series,Resistor_SMD:R_0603_1608Metric,,1% (0-ohm links: max DCR/current must be confirmed),,0.10 W,,NO,"Minimum power target; exact vendor voltage, pulse and current ratings require approval. Supplier MPN is not frozen."
R314,POPULATE,100k,Resistor_SMD:R_0603_1608Metric,,1% (0-ohm links: max DCR/current must be confirmed),,0.10 W,,NO,"Minimum power target; exact vendor voltage, pulse and current ratings require approval. Supplier MPN is not frozen."
R315,POPULATE,100k,Resistor_SMD:R_0603_1608Metric,,1% (0-ohm links: max DCR/current must be confirmed),,0.10 W,,NO,"Minimum power target; exact vendor voltage, pulse and current ratings require approval. Supplier MPN is not frozen."
R316,POPULATE,10k,Resistor_SMD:R_0603_1608Metric,,1% (0-ohm links: max DCR/current must be confirmed),,0.10 W,,NO,"Minimum power target; exact vendor voltage, pulse and current ratings require approval. Supplier MPN is not frozen."
C301,POPULATE,1u 10V X7R,Capacitor_SMD:C_0603_1608Metric,,"5% for C0G; 10% for X7R, unless matching requires tighter",10 V minimum,,X7R,NO,Confirm effective capacitance at operating DC bias. RF matching and crystal load values are initial tuning targets. Supplier MPN is not frozen.
C302,POPULATE,10u 10V X7R,Capacitor_SMD:C_0805_2012Metric,,"5% for C0G; 10% for X7R, unless matching requires tighter",10 V minimum,,X7R,NO,Confirm effective capacitance at operating DC bias. RF matching and crystal load values are initial tuning targets. Supplier MPN is not frozen.
C303,POPULATE,100n 10V X7R,Capacitor_SMD:C_0603_1608Metric,,"5% for C0G; 10% for X7R, unless matching requires tighter",10 V minimum,,X7R,NO,Confirm effective capacitance at operating DC bias. RF matching and crystal load values are initial tuning targets. Supplier MPN is not frozen.
C304,POPULATE,100n 10V X7R,Capacitor_SMD:C_0603_1608Metric,,"5% for C0G; 10% for X7R, unless matching requires tighter",10 V minimum,,X7R,NO,Confirm effective capacitance at operating DC bias. RF matching and crystal load values are initial tuning targets. Supplier MPN is not frozen.
C305,POPULATE,100n 10V X7R,Capacitor_SMD:C_0603_1608Metric,,"5% for C0G; 10% for X7R, unless matching requires tighter",10 V minimum,,X7R,NO,Confirm effective capacitance at operating DC bias. RF matching and crystal load values are initial tuning targets. Supplier MPN is not frozen.
C306,POPULATE,10n detect filter,Capacitor_SMD:C_0603_1608Metric,,"5% for C0G; 10% for X7R, unless matching requires tighter",10 V minimum,,X7R,NO,Confirm effective capacitance at operating DC bias. RF matching and crystal load values are initial tuning targets. Supplier MPN is not frozen.
U110,POPULATE,TUSB320LAIRWBR,Package_DFN_QFN:Texas_X2QFN-12_1.6x1.6mm_P0.4mm,TUSB320LAIRWBR,,,,,MPN identified; availability and package still review,
R110,POPULATE,887k 1%,Resistor_SMD:R_0402_1005Metric,,1%,,0.0625 W,,NO,"Minimum power target; exact vendor voltage, pulse and current ratings require approval. Supplier MPN is not frozen."
C110,POPULATE,100n 10V X7R,Capacitor_SMD:C_0603_1608Metric,,"5% for C0G; 10% for X7R, unless matching requires tighter",10 V minimum,,X7R,NO,Confirm effective capacitance at operating DC bias. RF matching and crystal load values are initial tuning targets. Supplier MPN is not frozen.
D110,POPULATE,TPD2EUSB30DRTR,Package_TO_SOT_SMD:Texas_DRT-3,TPD2EUSB30DRTR,,,,,MPN identified; availability and package still review,
U111,POPULATE,TPS259470LRPWR,FieldDock:Texas_RPW0010A,TPS259470LRPWR,,,,,MPN identified; availability and package still review,
R112,POPULATE,470k 1%,Resistor_SMD:R_0402_1005Metric,,1%,,0.0625 W,,NO,"Minimum power target; exact vendor voltage, pulse and current ratings require approval. Supplier MPN is not frozen."
R113,POPULATE,34.8k 0.1%,Resistor_SMD:R_0402_1005Metric,,0.1%,,0.0625 W,,NO,"Minimum power target; exact vendor voltage, pulse and current ratings require approval. Supplier MPN is not frozen."
R114,POPULATE,10.0k 0.1%,Resistor_SMD:R_0402_1005Metric,,0.1%,,0.0625 W,,NO,"Minimum power target; exact vendor voltage, pulse and current ratings require approval. Supplier MPN is not frozen."
R115,POPULATE,6.65k 1%,Resistor_SMD:R_0402_1005Metric,,1%,,0.0625 W,,NO,"Minimum power target; exact vendor voltage, pulse and current ratings require approval. Supplier MPN is not frozen."
C111,POPULATE,1u 50V X7R,Capacitor_SMD:C_0805_2012Metric,,"5% for C0G; 10% for X7R, unless matching requires tighter",50 V minimum,,X7R,NO,Confirm effective capacitance at operating DC bias. RF matching and crystal load values are initial tuning targets. Supplier MPN is not frozen.
C112,POPULATE,10n 50V X7R,Capacitor_SMD:C_0603_1608Metric,,"5% for C0G; 10% for X7R, unless matching requires tighter",50 V minimum,,X7R,NO,Confirm effective capacitance at operating DC bias. RF matching and crystal load values are initial tuning targets. Supplier MPN is not frozen.
C113,POPULATE,1u 10V X7R,Capacitor_SMD:C_0603_1608Metric,,"5% for C0G; 10% for X7R, unless matching requires tighter",10 V minimum,,X7R,NO,Confirm effective capacitance at operating DC bias. RF matching and crystal load values are initial tuning targets. Supplier MPN is not frozen.
U112,POPULATE,TPS2553DBVR,Package_TO_SOT_SMD:SOT-23-6,TPS2553DBVR,,,,,MPN identified; availability and package still review,
U113,POPULATE,TS5A3159ADBVR,Package_TO_SOT_SMD:SOT-23-6,TS5A3159ADBVR,,,,,MPN identified; availability and package still review,
R116,POPULATE,64.9k 1%,Resistor_SMD:R_0402_1005Metric,,1%,,0.0625 W,,NO,"Minimum power target; exact vendor voltage, pulse and current ratings require approval. Supplier MPN is not frozen."
U114,POPULATE,SN74LVC1G08DBVR,Package_TO_SOT_SMD:SOT-23-5,SN74LVC1G08DBVR,,,,,MPN identified; availability and package still review,
R117,POPULATE,100k 1%,Resistor_SMD:R_0402_1005Metric,,1%,,0.0625 W,,NO,"Minimum power target; exact vendor voltage, pulse and current ratings require approval. Supplier MPN is not frozen."
R118,POPULATE,100k 1%,Resistor_SMD:R_0402_1005Metric,,1%,,0.0625 W,,NO,"Minimum power target; exact vendor voltage, pulse and current ratings require approval. Supplier MPN is not frozen."
C114,POPULATE,100n 10V X7R,Capacitor_SMD:C_0603_1608Metric,,"5% for C0G; 10% for X7R, unless matching requires tighter",10 V minimum,,X7R,NO,Confirm effective capacitance at operating DC bias. RF matching and crystal load values are initial tuning targets. Supplier MPN is not frozen.
C115,POPULATE,100n 10V X7R,Capacitor_SMD:C_0603_1608Metric,,"5% for C0G; 10% for X7R, unless matching requires tighter",10 V minimum,,X7R,NO,Confirm effective capacitance at operating DC bias. RF matching and crystal load values are initial tuning targets. Supplier MPN is not frozen.
R119,POPULATE,100k 1%,Resistor_SMD:R_0402_1005Metric,,1%,,0.0625 W,,NO,"Minimum power target; exact vendor voltage, pulse and current ratings require approval. Supplier MPN is not frozen."
R120,POPULATE,100k 1%,Resistor_SMD:R_0402_1005Metric,,1%,,0.0625 W,,NO,"Minimum power target; exact vendor voltage, pulse and current ratings require approval. Supplier MPN is not frozen."
TP110,PCB_ONLY,PHONE_EF_FAULT_N,TestPoint:TestPoint_Pad_D1.0mm,,,,,,NO,
TP111,PCB_ONLY,PHONE_LIMIT_FAULT_N,TestPoint:TestPoint_Pad_D1.0mm,,,,,,NO,
U150,POPULATE,TUSB320LAIRWBR,Package_DFN_QFN:Texas_X2QFN-12_1.6x1.6mm_P0.4mm,TUSB320LAIRWBR,,,,,MPN identified; availability and package still review,
R150,POPULATE,887k 1%,Resistor_SMD:R_0402_1005Metric,,1%,,0.0625 W,,NO,"Minimum power target; exact vendor voltage, pulse and current ratings require approval. Supplier MPN is not frozen."
C150,POPULATE,100n 10V X7R,Capacitor_SMD:C_0603_1608Metric,,"5% for C0G; 10% for X7R, unless matching requires tighter",10 V minimum,,X7R,NO,Confirm effective capacitance at operating DC bias. RF matching and crystal load values are initial tuning targets. Supplier MPN is not frozen.
R151,POPULATE,4.7k 1%,Resistor_SMD:R_0402_1005Metric,,1%,,0.0625 W,,NO,"Minimum power target; exact vendor voltage, pulse and current ratings require approval. Supplier MPN is not frozen."
D150,POPULATE,TPD2EUSB30DRTR,Package_TO_SOT_SMD:Texas_DRT-3,TPD2EUSB30DRTR,,,,,MPN identified; availability and package still review,
U151,POPULATE,TPS259470LRPWR,FieldDock:Texas_RPW0010A,TPS259470LRPWR,,,,,MPN identified; availability and package still review,
R152,POPULATE,470k 1%,Resistor_SMD:R_0402_1005Metric,,1%,,0.0625 W,,NO,"Minimum power target; exact vendor voltage, pulse and current ratings require approval. Supplier MPN is not frozen."
R153,POPULATE,34.8k 0.1%,Resistor_SMD:R_0402_1005Metric,,0.1%,,0.0625 W,,NO,"Minimum power target; exact vendor voltage, pulse and current ratings require approval. Supplier MPN is not frozen."
R154,POPULATE,10.0k 0.1%,Resistor_SMD:R_0402_1005Metric,,0.1%,,0.0625 W,,NO,"Minimum power target; exact vendor voltage, pulse and current ratings require approval. Supplier MPN is not frozen."
R155,POPULATE,1.65k 1%,Resistor_SMD:R_0402_1005Metric,,1%,,0.0625 W,,NO,"Minimum power target; exact vendor voltage, pulse and current ratings require approval. Supplier MPN is not frozen."
C151,POPULATE,1u 50V X7R,Capacitor_SMD:C_0805_2012Metric,,"5% for C0G; 10% for X7R, unless matching requires tighter",50 V minimum,,X7R,NO,Confirm effective capacitance at operating DC bias. RF matching and crystal load values are initial tuning targets. Supplier MPN is not frozen.
C152,POPULATE,10n 50V X7R,Capacitor_SMD:C_0603_1608Metric,,"5% for C0G; 10% for X7R, unless matching requires tighter",50 V minimum,,X7R,NO,Confirm effective capacitance at operating DC bias. RF matching and crystal load values are initial tuning targets. Supplier MPN is not frozen.
C153,POPULATE,1u 10V X7R,Capacitor_SMD:C_0603_1608Metric,,"5% for C0G; 10% for X7R, unless matching requires tighter",10 V minimum,,X7R,NO,Confirm effective capacitance at operating DC bias. RF matching and crystal load values are initial tuning targets. Supplier MPN is not frozen.
U152,POPULATE,TPS2553DBVR,Package_TO_SOT_SMD:SOT-23-6,TPS2553DBVR,,,,,MPN identified; availability and package still review,
U153,POPULATE,TS5A3159ADBVR,Package_TO_SOT_SMD:SOT-23-6,TS5A3159ADBVR,,,,,MPN identified; availability and package still review,
R156,POPULATE,34.0k 1%,Resistor_SMD:R_0402_1005Metric,,1%,,0.0625 W,,NO,"Minimum power target; exact vendor voltage, pulse and current ratings require approval. Supplier MPN is not frozen."
U154,POPULATE,SN74LVC1G08DBVR,Package_TO_SOT_SMD:SOT-23-5,SN74LVC1G08DBVR,,,,,MPN identified; availability and package still review,
R157,POPULATE,100k 1%,Resistor_SMD:R_0402_1005Metric,,1%,,0.0625 W,,NO,"Minimum power target; exact vendor voltage, pulse and current ratings require approval. Supplier MPN is not frozen."
R158,POPULATE,100k 1%,Resistor_SMD:R_0402_1005Metric,,1%,,0.0625 W,,NO,"Minimum power target; exact vendor voltage, pulse and current ratings require approval. Supplier MPN is not frozen."
C154,POPULATE,100n 10V X7R,Capacitor_SMD:C_0603_1608Metric,,"5% for C0G; 10% for X7R, unless matching requires tighter",10 V minimum,,X7R,NO,Confirm effective capacitance at operating DC bias. RF matching and crystal load values are initial tuning targets. Supplier MPN is not frozen.
C155,POPULATE,100n 10V X7R,Capacitor_SMD:C_0603_1608Metric,,"5% for C0G; 10% for X7R, unless matching requires tighter",10 V minimum,,X7R,NO,Confirm effective capacitance at operating DC bias. RF matching and crystal load values are initial tuning targets. Supplier MPN is not frozen.
R159,POPULATE,100k 1%,Resistor_SMD:R_0402_1005Metric,,1%,,0.0625 W,,NO,"Minimum power target; exact vendor voltage, pulse and current ratings require approval. Supplier MPN is not frozen."
R160,POPULATE,100k 1%,Resistor_SMD:R_0402_1005Metric,,1%,,0.0625 W,,NO,"Minimum power target; exact vendor voltage, pulse and current ratings require approval. Supplier MPN is not frozen."
TP150,PCB_ONLY,AUX_EF_FAULT_N,TestPoint:TestPoint_Pad_D1.0mm,,,,,,NO,
TP151,PCB_ONLY,AUX_LIMIT_FAULT_N,TestPoint:TestPoint_Pad_D1.0mm,,,,,,NO,
U190,POPULATE,TPS3700DDCR,Package_TO_SOT_SMD:SOT-23-6,TPS3700DDCR,,,,,MPN identified; availability and package still review,
R190,POPULATE,324k 1%,Resistor_SMD:R_0402_1005Metric,,1%,,0.0625 W,,NO,"Minimum power target; exact vendor voltage, pulse and current ratings require approval. Supplier MPN is not frozen."
R191,POPULATE,33.2k 1%,Resistor_SMD:R_0402_1005Metric,,1%,,0.0625 W,,NO,"Minimum power target; exact vendor voltage, pulse and current ratings require approval. Supplier MPN is not frozen."
C190,POPULATE,1n 50V C0G,Capacitor_SMD:C_0603_1608Metric,,"5% for C0G; 10% for X7R, unless matching requires tighter",50 V minimum,,C0G/NP0,NO,Confirm effective capacitance at operating DC bias. RF matching and crystal load values are initial tuning targets. Supplier MPN is not frozen.
R194,POPULATE,324k 1%,Resistor_SMD:R_0402_1005Metric,,1%,,0.0625 W,,NO,"Minimum power target; exact vendor voltage, pulse and current ratings require approval. Supplier MPN is not frozen."
R195,POPULATE,33.2k 1%,Resistor_SMD:R_0402_1005Metric,,1%,,0.0625 W,,NO,"Minimum power target; exact vendor voltage, pulse and current ratings require approval. Supplier MPN is not frozen."
C194,POPULATE,1n 50V C0G,Capacitor_SMD:C_0603_1608Metric,,"5% for C0G; 10% for X7R, unless matching requires tighter",50 V minimum,,C0G/NP0,NO,Confirm effective capacitance at operating DC bias. RF matching and crystal load values are initial tuning targets. Supplier MPN is not frozen.
R192,POPULATE,10k 1%,Resistor_SMD:R_0402_1005Metric,,1%,,0.0625 W,,NO,"Minimum power target; exact vendor voltage, pulse and current ratings require approval. Supplier MPN is not frozen."
R193,POPULATE,10k 1%,Resistor_SMD:R_0402_1005Metric,,1%,,0.0625 W,,NO,"Minimum power target; exact vendor voltage, pulse and current ratings require approval. Supplier MPN is not frozen."
U191,POPULATE,SN74LVC1G04DBVR,Package_TO_SOT_SMD:SOT-23-5,SN74LVC1G04DBVR,,,,,MPN identified; availability and package still review,
C191,POPULATE,100n 10V X7R,Capacitor_SMD:C_0603_1608Metric,,"5% for C0G; 10% for X7R, unless matching requires tighter",10 V minimum,,X7R,NO,Confirm effective capacitance at operating DC bias. RF matching and crystal load values are initial tuning targets. Supplier MPN is not frozen.
C192,POPULATE,100n 10V X7R,Capacitor_SMD:C_0603_1608Metric,,"5% for C0G; 10% for X7R, unless matching requires tighter",10 V minimum,,X7R,NO,Confirm effective capacitance at operating DC bias. RF matching and crystal load values are initial tuning targets. Supplier MPN is not frozen.
R196,POPULATE,10k 1%,Resistor_SMD:R_0402_1005Metric,,1%,,0.0625 W,,NO,"Minimum power target; exact vendor voltage, pulse and current ratings require approval. Supplier MPN is not frozen."
U192,POPULATE,SN74LVC1G08DBVR,Package_TO_SOT_SMD:SOT-23-5,SN74LVC1G08DBVR,,,,,MPN identified; availability and package still review,
U193,POPULATE,SN74LVC1G08DBVR,Package_TO_SOT_SMD:SOT-23-5,SN74LVC1G08DBVR,,,,,MPN identified; availability and package still review,
U194,POPULATE,SN74LVC1G08DBVR,Package_TO_SOT_SMD:SOT-23-5,SN74LVC1G08DBVR,,,,,MPN identified; availability and package still review,
R197,POPULATE,100k 1%,Resistor_SMD:R_0402_1005Metric,,1%,,0.0625 W,,NO,"Minimum power target; exact vendor voltage, pulse and current ratings require approval. Supplier MPN is not frozen."
R198,POPULATE,100k 1%,Resistor_SMD:R_0402_1005Metric,,1%,,0.0625 W,,NO,"Minimum power target; exact vendor voltage, pulse and current ratings require approval. Supplier MPN is not frozen."
R199,POPULATE,100k 1%,Resistor_SMD:R_0402_1005Metric,,1%,,0.0625 W,,NO,"Minimum power target; exact vendor voltage, pulse and current ratings require approval. Supplier MPN is not frozen."
C195,POPULATE,100n 10V X7R,Capacitor_SMD:C_0603_1608Metric,,"5% for C0G; 10% for X7R, unless matching requires tighter",10 V minimum,,X7R,NO,Confirm effective capacitance at operating DC bias. RF matching and crystal load values are initial tuning targets. Supplier MPN is not frozen.
C196,POPULATE,100n 10V X7R,Capacitor_SMD:C_0603_1608Metric,,"5% for C0G; 10% for X7R, unless matching requires tighter",10 V minimum,,X7R,NO,Confirm effective capacitance at operating DC bias. RF matching and crystal load values are initial tuning targets. Supplier MPN is not frozen.
C197,POPULATE,100n 10V X7R,Capacitor_SMD:C_0603_1608Metric,,"5% for C0G; 10% for X7R, unless matching requires tighter",10 V minimum,,X7R,NO,Confirm effective capacitance at operating DC bias. RF matching and crystal load values are initial tuning targets. Supplier MPN is not frozen.
U195,POPULATE,TPS2553DBVR,Package_TO_SOT_SMD:SOT-23-6,TPS2553DBVR,,,,,MPN identified; availability and package still review,
R180,POPULATE,34.0k 1%,Resistor_SMD:R_0402_1005Metric,,1%,,0.0625 W,,NO,"Minimum power target; exact vendor voltage, pulse and current ratings require approval. Supplier MPN is not frozen."
R181,POPULATE,100k 1%,Resistor_SMD:R_0402_1005Metric,,1%,,0.0625 W,,NO,"Minimum power target; exact vendor voltage, pulse and current ratings require approval. Supplier MPN is not frozen."
C180,POPULATE,1u 10V X7R,Capacitor_SMD:C_0603_1608Metric,,"5% for C0G; 10% for X7R, unless matching requires tighter",10 V minimum,,X7R,NO,Confirm effective capacitance at operating DC bias. RF matching and crystal load values are initial tuning targets. Supplier MPN is not frozen.
C181,POPULATE,10u 10V X7R,Capacitor_SMD:C_0805_2012Metric,,"5% for C0G; 10% for X7R, unless matching requires tighter",10 V minimum,,X7R,NO,Confirm effective capacitance at operating DC bias. RF matching and crystal load values are initial tuning targets. Supplier MPN is not frozen.
R182,POPULATE,1k 1%,Resistor_SMD:R_0402_1005Metric,,1%,,0.0625 W,,NO,"Minimum power target; exact vendor voltage, pulse and current ratings require approval. Supplier MPN is not frozen."
U400,POPULATE,TPS22919DCKR,Package_TO_SOT_SMD:SOT-363_SC-70-6,TPS22919DCKR,,,,,MPN identified; availability and package still review,
R400,POPULATE,100R,Resistor_SMD:R_0402_1005Metric,,1% (0-ohm links: max DCR/current must be confirmed),,0.0625 W,,NO,"Minimum power target; exact vendor voltage, pulse and current ratings require approval. Supplier MPN is not frozen."
C400,POPULATE,1u 10V X7R,Capacitor_SMD:C_0603_1608Metric,,"5% for C0G; 10% for X7R, unless matching requires tighter",10 V minimum,,X7R,NO,Confirm effective capacitance at operating DC bias. RF matching and crystal load values are initial tuning targets. Supplier MPN is not frozen.
C401,POPULATE,4.7u 10V X7R,Capacitor_SMD:C_0603_1608Metric,,"5% for C0G; 10% for X7R, unless matching requires tighter",10 V minimum,,X7R,NO,Confirm effective capacitance at operating DC bias. RF matching and crystal load values are initial tuning targets. Supplier MPN is not frozen.
U401,POPULATE,SN74LVC1G08DBVR,Package_TO_SOT_SMD:SOT-23-5,SN74LVC1G08DBVR,,,,,MPN identified; availability and package still review,
U402,POPULATE,SN74LVC1G04DBVR,Package_TO_SOT_SMD:SOT-23-5,SN74LVC1G04DBVR,,,,,MPN identified; availability and package still review,
R401,POPULATE,100k,Resistor_SMD:R_0402_1005Metric,,1% (0-ohm links: max DCR/current must be confirmed),,0.0625 W,,NO,"Minimum power target; exact vendor voltage, pulse and current ratings require approval. Supplier MPN is not frozen."
R402,POPULATE,10k,Resistor_SMD:R_0402_1005Metric,,1% (0-ohm links: max DCR/current must be confirmed),,0.0625 W,,NO,"Minimum power target; exact vendor voltage, pulse and current ratings require approval. Supplier MPN is not frozen."
R403,POPULATE,100k,Resistor_SMD:R_0402_1005Metric,,1% (0-ohm links: max DCR/current must be confirmed),,0.0625 W,,NO,"Minimum power target; exact vendor voltage, pulse and current ratings require approval. Supplier MPN is not frozen."
C402,POPULATE,100n 10V X7R,Capacitor_SMD:C_0402_1005Metric,,"5% for C0G; 10% for X7R, unless matching requires tighter",10 V minimum,,X7R,NO,Confirm effective capacitance at operating DC bias. RF matching and crystal load values are initial tuning targets. Supplier MPN is not frozen.
C403,POPULATE,100n 10V X7R,Capacitor_SMD:C_0402_1005Metric,,"5% for C0G; 10% for X7R, unless matching requires tighter",10 V minimum,,X7R,NO,Confirm effective capacitance at operating DC bias. RF matching and crystal load values are initial tuning targets. Supplier MPN is not frozen.
C404,POPULATE,100n 10V X7R,Capacitor_SMD:C_0402_1005Metric,,"5% for C0G; 10% for X7R, unless matching requires tighter",10 V minimum,,X7R,NO,Confirm effective capacitance at operating DC bias. RF matching and crystal load values are initial tuning targets. Supplier MPN is not frozen.
U403,POPULATE,SN74CB3T3245PWR,Package_SO:TSSOP-20_4.4x6.5mm_P0.65mm,SN74CB3T3245PWR,,,,,MPN identified; availability and package still review,
R404,POPULATE,47k,Resistor_SMD:R_0402_1005Metric,,1% (0-ohm links: max DCR/current must be confirmed),,0.0625 W,,NO,"Minimum power target; exact vendor voltage, pulse and current ratings require approval. Supplier MPN is not frozen."
R405,POPULATE,47k,Resistor_SMD:R_0402_1005Metric,,1% (0-ohm links: max DCR/current must be confirmed),,0.0625 W,,NO,"Minimum power target; exact vendor voltage, pulse and current ratings require approval. Supplier MPN is not frozen."
R406,POPULATE,100k,Resistor_SMD:R_0402_1005Metric,,1% (0-ohm links: max DCR/current must be confirmed),,0.0625 W,,NO,"Minimum power target; exact vendor voltage, pulse and current ratings require approval. Supplier MPN is not frozen."
R407,POPULATE,100k,Resistor_SMD:R_0402_1005Metric,,1% (0-ohm links: max DCR/current must be confirmed),,0.0625 W,,NO,"Minimum power target; exact vendor voltage, pulse and current ratings require approval. Supplier MPN is not frozen."
R408,POPULATE,100k,Resistor_SMD:R_0402_1005Metric,,1% (0-ohm links: max DCR/current must be confirmed),,0.0625 W,,NO,"Minimum power target; exact vendor voltage, pulse and current ratings require approval. Supplier MPN is not frozen."
R409,POPULATE,100k,Resistor_SMD:R_0402_1005Metric,,1% (0-ohm links: max DCR/current must be confirmed),,0.0625 W,,NO,"Minimum power target; exact vendor voltage, pulse and current ratings require approval. Supplier MPN is not frozen."
R410,POPULATE,100k,Resistor_SMD:R_0402_1005Metric,,1% (0-ohm links: max DCR/current must be confirmed),,0.0625 W,,NO,"Minimum power target; exact vendor voltage, pulse and current ratings require approval. Supplier MPN is not frozen."
U430,POPULATE,CC1101RGPT,Package_DFN_QFN:Texas_RGP0020H_VQFN-20-1EP_4x4mm_P0.5mm_EP2.4x2.4mm,CC1101RGPT,,,,,MPN identified; availability and package still review,
Y430,POPULATE,XRCGB26M000F3M00R0 26MHz CL6pF,FieldDock:Murata_XRCGB_2016,XRCGB26M000F3M00R0,,,,,MPN identified; availability and package still review,
C430,POPULATE,9p C0G 50V initial CL trim,Capacitor_SMD:C_0402_1005Metric,,"5% for C0G; 10% for X7R, unless matching requires tighter",50 V minimum,,C0G/NP0,NO,Confirm effective capacitance at operating DC bias. RF matching and crystal load values are initial tuning targets. Supplier MPN is not frozen.
C431,POPULATE,9p C0G 50V initial CL trim,Capacitor_SMD:C_0402_1005Metric,,"5% for C0G; 10% for X7R, unless matching requires tighter",50 V minimum,,C0G/NP0,NO,Confirm effective capacitance at operating DC bias. RF matching and crystal load values are initial tuning targets. Supplier MPN is not frozen.
R430,POPULATE,56k 1%,Resistor_SMD:R_0402_1005Metric,,1%,,0.0625 W,,NO,"Minimum power target; exact vendor voltage, pulse and current ratings require approval. Supplier MPN is not frozen."
C432,POPULATE,100n 10V X7R,Capacitor_SMD:C_0402_1005Metric,,"5% for C0G; 10% for X7R, unless matching requires tighter",10 V minimum,,X7R,NO,Confirm effective capacitance at operating DC bias. RF matching and crystal load values are initial tuning targets. Supplier MPN is not frozen.
C433,POPULATE,100n 10V X7R,Capacitor_SMD:C_0402_1005Metric,,"5% for C0G; 10% for X7R, unless matching requires tighter",10 V minimum,,X7R,NO,Confirm effective capacitance at operating DC bias. RF matching and crystal load values are initial tuning targets. Supplier MPN is not frozen.
C434,POPULATE,100n 10V X7R,Capacitor_SMD:C_0402_1005Metric,,"5% for C0G; 10% for X7R, unless matching requires tighter",10 V minimum,,X7R,NO,Confirm effective capacitance at operating DC bias. RF matching and crystal load values are initial tuning targets. Supplier MPN is not frozen.
C435,POPULATE,100n 10V X7R,Capacitor_SMD:C_0402_1005Metric,,"5% for C0G; 10% for X7R, unless matching requires tighter",10 V minimum,,X7R,NO,Confirm effective capacitance at operating DC bias. RF matching and crystal load values are initial tuning targets. Supplier MPN is not frozen.
C436,POPULATE,100n 10V X7R,Capacitor_SMD:C_0402_1005Metric,,"5% for C0G; 10% for X7R, unless matching requires tighter",10 V minimum,,X7R,NO,Confirm effective capacitance at operating DC bias. RF matching and crystal load values are initial tuning targets. Supplier MPN is not frozen.
C437,POPULATE,100n 10V X7R,Capacitor_SMD:C_0402_1005Metric,,"5% for C0G; 10% for X7R, unless matching requires tighter",10 V minimum,,X7R,NO,Confirm effective capacitance at operating DC bias. RF matching and crystal load values are initial tuning targets. Supplier MPN is not frozen.
C438,POPULATE,100n 10V X7R,Capacitor_SMD:C_0402_1005Metric,,"5% for C0G; 10% for X7R, unless matching requires tighter",10 V minimum,,X7R,NO,Confirm effective capacitance at operating DC bias. RF matching and crystal load values are initial tuning targets. Supplier MPN is not frozen.
C439,POPULATE,2.2u 10V X7R,Capacitor_SMD:C_0603_1608Metric,,"5% for C0G; 10% for X7R, unless matching requires tighter",10 V minimum,,X7R,NO,Confirm effective capacitance at operating DC bias. RF matching and crystal load values are initial tuning targets. Supplier MPN is not frozen.
C440,POPULATE,100p C0G 50V,Capacitor_SMD:C_0402_1005Metric,,"5% for C0G; 10% for X7R, unless matching requires tighter",50 V minimum,,C0G/NP0,NO,Confirm effective capacitance at operating DC bias. RF matching and crystal load values are initial tuning targets. Supplier MPN is not frozen.
C441,POPULATE,100p C0G 50V,Capacitor_SMD:C_0402_1005Metric,,"5% for C0G; 10% for X7R, unless matching requires tighter",50 V minimum,,C0G/NP0,NO,Confirm effective capacitance at operating DC bias. RF matching and crystal load values are initial tuning targets. Supplier MPN is not frozen.
T430,POPULATE,B0310J50100AHF,FieldDock:TTM_B0310J50100AHF,B0310J50100AHF,,,,,MPN identified; availability and package still review,
L430,POPULATE,3.3nH 0.2nH RF,Inductor_SMD:L_0402_1005Metric,,,,,,NO,"Exact RF series, Q/SRF/DCR and footprint require confirmation; power inductor saturation and temperature rise require verification. Supplier MPN is not frozen."
L431,POPULATE,6.8nH 0.2nH RF,Inductor_SMD:L_0402_1005Metric,,,,,,NO,"Exact RF series, Q/SRF/DCR and footprint require confirmation; power inductor saturation and temperature rise require verification. Supplier MPN is not frozen."
C442,POPULATE,1.2p C0G 0.1p 50V,Capacitor_SMD:C_0402_1005Metric,,0.1p,50 V minimum,,C0G/NP0,NO,Confirm effective capacitance at operating DC bias. RF matching and crystal load values are initial tuning targets. Supplier MPN is not frozen.
C443,DNP,DNP C0G matching trim,Capacitor_SMD:C_0402_1005Metric,,"5% for C0G; 10% for X7R, unless matching requires tighter",10 V minimum,,C0G/NP0,NO,Confirm effective capacitance at operating DC bias. RF matching and crystal load values are initial tuning targets.
C444,DNP,DNP C0G matching trim,Capacitor_SMD:C_0402_1005Metric,,"5% for C0G; 10% for X7R, unless matching requires tighter",10 V minimum,,C0G/NP0,NO,Confirm effective capacitance at operating DC bias. RF matching and crystal load values are initial tuning targets.
C445,DNP,DNP C0G matching trim,Capacitor_SMD:C_0402_1005Metric,,"5% for C0G; 10% for X7R, unless matching requires tighter",10 V minimum,,C0G/NP0,NO,Confirm effective capacitance at operating DC bias. RF matching and crystal load values are initial tuning targets.
U431,POPULATE,BGS13S4N9E6327XTSA1,FieldDock:Infineon_TSNP9_1.1x1.1_P0.4,BGS13S4N9E6327XTSA1,,,,,NO,
U432,POPULATE,BGS13S4N9E6327XTSA1,FieldDock:Infineon_TSNP9_1.1x1.1_P0.4,BGS13S4N9E6327XTSA1,,,,,NO,
C446,POPULATE,10n 10V X7R,Capacitor_SMD:C_0402_1005Metric,,"5% for C0G; 10% for X7R, unless matching requires tighter",10 V minimum,,X7R,NO,Confirm effective capacitance at operating DC bias. RF matching and crystal load values are initial tuning targets. Supplier MPN is not frozen.
C447,POPULATE,10n 10V X7R,Capacitor_SMD:C_0402_1005Metric,,"5% for C0G; 10% for X7R, unless matching requires tighter",10 V minimum,,X7R,NO,Confirm effective capacitance at operating DC bias. RF matching and crystal load values are initial tuning targets. Supplier MPN is not frozen.
R431,POPULATE,100k,Resistor_SMD:R_0402_1005Metric,,1% (0-ohm links: max DCR/current must be confirmed),,0.0625 W,,NO,"Minimum power target; exact vendor voltage, pulse and current ratings require approval. Supplier MPN is not frozen."
L440,POPULATE,12nH 5% RF,Inductor_SMD:L_0402_1005Metric,,,,,,NO,"Exact RF series, Q/SRF/DCR and footprint require confirmation; power inductor saturation and temperature rise require verification. Supplier MPN is not frozen."
L441,POPULATE,39nH 5% RF,Inductor_SMD:L_0402_1005Metric,,,,,,NO,"Exact RF series, Q/SRF/DCR and footprint require confirmation; power inductor saturation and temperature rise require verification. Supplier MPN is not frozen."
L442,POPULATE,12nH 5% RF,Inductor_SMD:L_0402_1005Metric,,,,,,NO,"Exact RF series, Q/SRF/DCR and footprint require confirmation; power inductor saturation and temperature rise require verification. Supplier MPN is not frozen."
C450,POPULATE,12p C0G 2% 50V,Capacitor_SMD:C_0402_1005Metric,,2%,50 V minimum,,C0G/NP0,NO,Confirm effective capacitance at operating DC bias. RF matching and crystal load values are initial tuning targets. Supplier MPN is not frozen.
C451,POPULATE,12p C0G 2% 50V,Capacitor_SMD:C_0402_1005Metric,,2%,50 V minimum,,C0G/NP0,NO,Confirm effective capacitance at operating DC bias. RF matching and crystal load values are initial tuning targets. Supplier MPN is not frozen.
L443,POPULATE,8.2nH 5% RF,Inductor_SMD:L_0402_1005Metric,,,,,,NO,"Exact RF series, Q/SRF/DCR and footprint require confirmation; power inductor saturation and temperature rise require verification. Supplier MPN is not frozen."
L444,POPULATE,27nH 5% RF,Inductor_SMD:L_0402_1005Metric,,,,,,NO,"Exact RF series, Q/SRF/DCR and footprint require confirmation; power inductor saturation and temperature rise require verification. Supplier MPN is not frozen."
L445,POPULATE,8.2nH 5% RF,Inductor_SMD:L_0402_1005Metric,,,,,,NO,"Exact RF series, Q/SRF/DCR and footprint require confirmation; power inductor saturation and temperature rise require verification. Supplier MPN is not frozen."
C452,POPULATE,8.2p C0G 2% 50V,Capacitor_SMD:C_0402_1005Metric,,2%,50 V minimum,,C0G/NP0,NO,Confirm effective capacitance at operating DC bias. RF matching and crystal load values are initial tuning targets. Supplier MPN is not frozen.
C453,POPULATE,8.2p C0G 2% 50V,Capacitor_SMD:C_0402_1005Metric,,2%,50 V minimum,,C0G/NP0,NO,Confirm effective capacitance at operating DC bias. RF matching and crystal load values are initial tuning targets. Supplier MPN is not frozen.
L446,POPULATE,4.3nH 5% RF,Inductor_SMD:L_0402_1005Metric,,,,,,NO,"Exact RF series, Q/SRF/DCR and footprint require confirmation; power inductor saturation and temperature rise require verification. Supplier MPN is not frozen."
L447,POPULATE,13nH 5% RF,Inductor_SMD:L_0402_1005Metric,,,,,,NO,"Exact RF series, Q/SRF/DCR and footprint require confirmation; power inductor saturation and temperature rise require verification. Supplier MPN is not frozen."
L448,POPULATE,4.3nH 5% RF,Inductor_SMD:L_0402_1005Metric,,,,,,NO,"Exact RF series, Q/SRF/DCR and footprint require confirmation; power inductor saturation and temperature rise require verification. Supplier MPN is not frozen."
C454,POPULATE,4.3p C0G 2% 50V,Capacitor_SMD:C_0402_1005Metric,,2%,50 V minimum,,C0G/NP0,NO,Confirm effective capacitance at operating DC bias. RF matching and crystal load values are initial tuning targets. Supplier MPN is not frozen.
C455,POPULATE,4.3p C0G 2% 50V,Capacitor_SMD:C_0402_1005Metric,,2%,50 V minimum,,C0G/NP0,NO,Confirm effective capacitance at operating DC bias. RF matching and crystal load values are initial tuning targets. Supplier MPN is not frozen.
R432,POPULATE,0R antenna matching link,Resistor_SMD:R_0402_1005Metric,,1% (0-ohm links: max DCR/current must be confirmed),,0.0625 W,,NO,"Minimum power target; exact vendor voltage, pulse and current ratings require approval. Supplier MPN is not frozen."
J430,POPULATE,U.FL-R-SMT-1(10) / 50R antenna,Connector_Coaxial:U.FL_Hirose_U.FL-R-SMT-1_Vertical,U.FL-R-SMT-1(10),,,,,MPN identified; availability and package still review,
U500,POPULATE,ST25R3916-AQWT,FieldDock:ST_VFQFPN32_5x5_EP3.5,ST25R3916-AQWT,,,,,MPN identified; availability and package still review,
Y500,POPULATE,XRCGB27M120F3M00R0 27.12MHz CL6pF,FieldDock:Murata_XRCGB_2016,XRCGB27M120F3M00R0,,,,,MPN identified; availability and package still review,
C500,POPULATE,6p C0G 50V,Capacitor_SMD:C_0402_1005Metric,,"5% for C0G; 10% for X7R, unless matching requires tighter",50 V minimum,,C0G/NP0,NO,Confirm effective capacitance at operating DC bias. RF matching and crystal load values are initial tuning targets. Supplier MPN is not frozen.
C501,POPULATE,6p C0G 50V,Capacitor_SMD:C_0402_1005Metric,,"5% for C0G; 10% for X7R, unless matching requires tighter",50 V minimum,,C0G/NP0,NO,Confirm effective capacitance at operating DC bias. RF matching and crystal load values are initial tuning targets. Supplier MPN is not frozen.
C502,POPULATE,10n 10V X7R,Capacitor_SMD:C_0402_1005Metric,,"5% for C0G; 10% for X7R, unless matching requires tighter",10 V minimum,,X7R,NO,Confirm effective capacitance at operating DC bias. RF matching and crystal load values are initial tuning targets. Supplier MPN is not frozen.
C503,POPULATE,2.2u 10V X7R,Capacitor_SMD:C_0603_1608Metric,,"5% for C0G; 10% for X7R, unless matching requires tighter",10 V minimum,,X7R,NO,Confirm effective capacitance at operating DC bias. RF matching and crystal load values are initial tuning targets. Supplier MPN is not frozen.
C504,POPULATE,10n 10V X7R,Capacitor_SMD:C_0402_1005Metric,,"5% for C0G; 10% for X7R, unless matching requires tighter",10 V minimum,,X7R,NO,Confirm effective capacitance at operating DC bias. RF matching and crystal load values are initial tuning targets. Supplier MPN is not frozen.
C505,POPULATE,2.2u 10V X7R,Capacitor_SMD:C_0603_1608Metric,,"5% for C0G; 10% for X7R, unless matching requires tighter",10 V minimum,,X7R,NO,Confirm effective capacitance at operating DC bias. RF matching and crystal load values are initial tuning targets. Supplier MPN is not frozen.
C506,POPULATE,10n 10V X7R,Capacitor_SMD:C_0402_1005Metric,,"5% for C0G; 10% for X7R, unless matching requires tighter",10 V minimum,,X7R,NO,Confirm effective capacitance at operating DC bias. RF matching and crystal load values are initial tuning targets. Supplier MPN is not frozen.
C507,POPULATE,2.2u 10V X7R,Capacitor_SMD:C_0603_1608Metric,,"5% for C0G; 10% for X7R, unless matching requires tighter",10 V minimum,,X7R,NO,Confirm effective capacitance at operating DC bias. RF matching and crystal load values are initial tuning targets. Supplier MPN is not frozen.
C508,POPULATE,10n 10V X7R,Capacitor_SMD:C_0402_1005Metric,,"5% for C0G; 10% for X7R, unless matching requires tighter",10 V minimum,,X7R,NO,Confirm effective capacitance at operating DC bias. RF matching and crystal load values are initial tuning targets. Supplier MPN is not frozen.
C509,POPULATE,2.2u 10V X7R,Capacitor_SMD:C_0603_1608Metric,,"5% for C0G; 10% for X7R, unless matching requires tighter",10 V minimum,,X7R,NO,Confirm effective capacitance at operating DC bias. RF matching and crystal load values are initial tuning targets. Supplier MPN is not frozen.
C510,POPULATE,10n 10V X7R,Capacitor_SMD:C_0402_1005Metric,,"5% for C0G; 10% for X7R, unless matching requires tighter",10 V minimum,,X7R,NO,Confirm effective capacitance at operating DC bias. RF matching and crystal load values are initial tuning targets. Supplier MPN is not frozen.
C511,POPULATE,2.2u 10V X7R,Capacitor_SMD:C_0603_1608Metric,,"5% for C0G; 10% for X7R, unless matching requires tighter",10 V minimum,,X7R,NO,Confirm effective capacitance at operating DC bias. RF matching and crystal load values are initial tuning targets. Supplier MPN is not frozen.
C512,POPULATE,1u 10V X7R,Capacitor_SMD:C_0603_1608Metric,,"5% for C0G; 10% for X7R, unless matching requires tighter",10 V minimum,,X7R,NO,Confirm effective capacitance at operating DC bias. RF matching and crystal load values are initial tuning targets. Supplier MPN is not frozen.
C513,POPULATE,10n 10V X7R,Capacitor_SMD:C_0402_1005Metric,,"5% for C0G; 10% for X7R, unless matching requires tighter",10 V minimum,,X7R,NO,Confirm effective capacitance at operating DC bias. RF matching and crystal load values are initial tuning targets. Supplier MPN is not frozen.
L500,POPULATE,270nH 5% RF wirewound,Inductor_SMD:L_0603_1608Metric,,,,,,NO,"Exact RF series, Q/SRF/DCR and footprint require confirmation; power inductor saturation and temperature rise require verification. Supplier MPN is not frozen."
C520,POPULATE,680p C0G 50V,Capacitor_SMD:C_0603_1608Metric,,"5% for C0G; 10% for X7R, unless matching requires tighter",50 V minimum,,C0G/NP0,NO,Confirm effective capacitance at operating DC bias. RF matching and crystal load values are initial tuning targets. Supplier MPN is not frozen.
C521,POPULATE,100p C0G 100V,Capacitor_SMD:C_0603_1608Metric,,"5% for C0G; 10% for X7R, unless matching requires tighter",100 V minimum,,C0G/NP0,NO,Confirm effective capacitance at operating DC bias. RF matching and crystal load values are initial tuning targets. Supplier MPN is not frozen.
C522,POPULATE,62p C0G 100V,Capacitor_SMD:C_0603_1608Metric,,"5% for C0G; 10% for X7R, unless matching requires tighter",100 V minimum,,C0G/NP0,NO,Confirm effective capacitance at operating DC bias. RF matching and crystal load values are initial tuning targets. Supplier MPN is not frozen.
C523,POPULATE,10p C0G 100V,Capacitor_SMD:C_0603_1608Metric,,"5% for C0G; 10% for X7R, unless matching requires tighter",100 V minimum,,C0G/NP0,NO,Confirm effective capacitance at operating DC bias. RF matching and crystal load values are initial tuning targets. Supplier MPN is not frozen.
C524,POPULATE,100p C0G 50V,Capacitor_SMD:C_0603_1608Metric,,"5% for C0G; 10% for X7R, unless matching requires tighter",50 V minimum,,C0G/NP0,NO,Confirm effective capacitance at operating DC bias. RF matching and crystal load values are initial tuning targets. Supplier MPN is not frozen.
R500,POPULATE,0R antenna tuning link,Resistor_SMD:R_0603_1608Metric,,1% (0-ohm links: max DCR/current must be confirmed),,0.10 W,,NO,"Minimum power target; exact vendor voltage, pulse and current ratings require approval. Supplier MPN is not frozen."
C530,DNP,DNP C0G trim,Capacitor_SMD:C_0603_1608Metric,,"5% for C0G; 10% for X7R, unless matching requires tighter",10 V minimum,,C0G/NP0,NO,Confirm effective capacitance at operating DC bias. RF matching and crystal load values are initial tuning targets.
L501,POPULATE,270nH 5% RF wirewound,Inductor_SMD:L_0603_1608Metric,,,,,,NO,"Exact RF series, Q/SRF/DCR and footprint require confirmation; power inductor saturation and temperature rise require verification. Supplier MPN is not frozen."
C525,POPULATE,680p C0G 50V,Capacitor_SMD:C_0603_1608Metric,,"5% for C0G; 10% for X7R, unless matching requires tighter",50 V minimum,,C0G/NP0,NO,Confirm effective capacitance at operating DC bias. RF matching and crystal load values are initial tuning targets. Supplier MPN is not frozen.
C526,POPULATE,100p C0G 100V,Capacitor_SMD:C_0603_1608Metric,,"5% for C0G; 10% for X7R, unless matching requires tighter",100 V minimum,,C0G/NP0,NO,Confirm effective capacitance at operating DC bias. RF matching and crystal load values are initial tuning targets. Supplier MPN is not frozen.
C527,POPULATE,62p C0G 100V,Capacitor_SMD:C_0603_1608Metric,,"5% for C0G; 10% for X7R, unless matching requires tighter",100 V minimum,,C0G/NP0,NO,Confirm effective capacitance at operating DC bias. RF matching and crystal load values are initial tuning targets. Supplier MPN is not frozen.
C528,POPULATE,10p C0G 100V,Capacitor_SMD:C_0603_1608Metric,,"5% for C0G; 10% for X7R, unless matching requires tighter",100 V minimum,,C0G/NP0,NO,Confirm effective capacitance at operating DC bias. RF matching and crystal load values are initial tuning targets. Supplier MPN is not frozen.
C529,POPULATE,100p C0G 50V,Capacitor_SMD:C_0603_1608Metric,,"5% for C0G; 10% for X7R, unless matching requires tighter",50 V minimum,,C0G/NP0,NO,Confirm effective capacitance at operating DC bias. RF matching and crystal load values are initial tuning targets. Supplier MPN is not frozen.
R501,POPULATE,0R antenna tuning link,Resistor_SMD:R_0603_1608Metric,,1% (0-ohm links: max DCR/current must be confirmed),,0.10 W,,NO,"Minimum power target; exact vendor voltage, pulse and current ratings require approval. Supplier MPN is not frozen."
C531,DNP,DNP C0G trim,Capacitor_SMD:C_0603_1608Metric,,"5% for C0G; 10% for X7R, unless matching requires tighter",10 V minimum,,C0G/NP0,NO,Confirm effective capacitance at operating DC bias. RF matching and crystal load values are initial tuning targets.
J500,PCB_ONLY,NFC antenna 1.37uH nominal / soldered twisted pair,FieldDock:Antenna_2Pad_2mm,,,,,,NO,
U600,POPULATE,SN74LVC1G08DBVR,Package_TO_SOT_SMD:SOT-23-5,SN74LVC1G08DBVR,,,,,MPN identified; availability and package still review,
U601,POPULATE,SN74LVC1G08DBVR,Package_TO_SOT_SMD:SOT-23-5,SN74LVC1G08DBVR,,,,,MPN identified; availability and package still review,
U602,POPULATE,TPS22919DCKR,Package_TO_SOT_SMD:SOT-363_SC-70-6,TPS22919DCKR,,,,,MPN identified; availability and package still review,
R600,POPULATE,100R,Resistor_SMD:R_0402_1005Metric,,1% (0-ohm links: max DCR/current must be confirmed),,0.0625 W,,NO,"Minimum power target; exact vendor voltage, pulse and current ratings require approval. Supplier MPN is not frozen."
C600,POPULATE,1u 10V X7R,Capacitor_SMD:C_0603_1608Metric,,"5% for C0G; 10% for X7R, unless matching requires tighter",10 V minimum,,X7R,NO,Confirm effective capacitance at operating DC bias. RF matching and crystal load values are initial tuning targets. Supplier MPN is not frozen.
C601,POPULATE,4.7u 10V X7R,Capacitor_SMD:C_0603_1608Metric,,"5% for C0G; 10% for X7R, unless matching requires tighter",10 V minimum,,X7R,NO,Confirm effective capacitance at operating DC bias. RF matching and crystal load values are initial tuning targets. Supplier MPN is not frozen.
C602,POPULATE,100n 10V X7R,Capacitor_SMD:C_0402_1005Metric,,"5% for C0G; 10% for X7R, unless matching requires tighter",10 V minimum,,X7R,NO,Confirm effective capacitance at operating DC bias. RF matching and crystal load values are initial tuning targets. Supplier MPN is not frozen.
C603,POPULATE,100n 10V X7R,Capacitor_SMD:C_0402_1005Metric,,"5% for C0G; 10% for X7R, unless matching requires tighter",10 V minimum,,X7R,NO,Confirm effective capacitance at operating DC bias. RF matching and crystal load values are initial tuning targets. Supplier MPN is not frozen.
R601,POPULATE,100k,Resistor_SMD:R_0402_1005Metric,,1% (0-ohm links: max DCR/current must be confirmed),,0.0625 W,,NO,"Minimum power target; exact vendor voltage, pulse and current ratings require approval. Supplier MPN is not frozen."
R602,POPULATE,100k,Resistor_SMD:R_0402_1005Metric,,1% (0-ohm links: max DCR/current must be confirmed),,0.0625 W,,NO,"Minimum power target; exact vendor voltage, pulse and current ratings require approval. Supplier MPN is not frozen."
Q600,POPULATE,DMP2004K-7,Package_TO_SOT_SMD:SOT-23,DMP2004K-7,,,,,MPN identified; availability and package still review,
Q601,POPULATE,DMN2004K-7,Package_TO_SOT_SMD:SOT-23,DMN2004K-7,,,,,MPN identified; availability and package still review,
Q602,POPULATE,DMN2004K-7,Package_TO_SOT_SMD:SOT-23,DMN2004K-7,,,,,MPN identified; availability and package still review,
R603,POPULATE,4.7R 1% 0.25W,Resistor_SMD:R_0805_2012Metric,,1%,,0.25 W,,NO,"Minimum power target; exact vendor voltage, pulse and current ratings require approval. Supplier MPN is not frozen."
R604,POPULATE,4.7R 1% 0.25W,Resistor_SMD:R_0805_2012Metric,,1%,,0.25 W,,NO,"Minimum power target; exact vendor voltage, pulse and current ratings require approval. Supplier MPN is not frozen."
R605,POPULATE,510R 1%,Resistor_SMD:R_0402_1005Metric,,1%,,0.0625 W,,NO,"Minimum power target; exact vendor voltage, pulse and current ratings require approval. Supplier MPN is not frozen."
R606,POPULATE,51R,Resistor_SMD:R_0402_1005Metric,,1% (0-ohm links: max DCR/current must be confirmed),,0.0625 W,,NO,"Minimum power target; exact vendor voltage, pulse and current ratings require approval. Supplier MPN is not frozen."
R607,POPULATE,10k,Resistor_SMD:R_0402_1005Metric,,1% (0-ohm links: max DCR/current must be confirmed),,0.0625 W,,NO,"Minimum power target; exact vendor voltage, pulse and current ratings require approval. Supplier MPN is not frozen."
C604,POPULATE,3.3n C0G 100V,Capacitor_SMD:C_0805_2012Metric,,"5% for C0G; 10% for X7R, unless matching requires tighter",100 V minimum,,C0G/NP0,NO,Confirm effective capacitance at operating DC bias. RF matching and crystal load values are initial tuning targets. Supplier MPN is not frozen.
C605,DNP,DNP C0G 100V trim,Capacitor_SMD:C_0805_2012Metric,,"5% for C0G; 10% for X7R, unless matching requires tighter",100 V minimum,,C0G/NP0,NO,Confirm effective capacitance at operating DC bias. RF matching and crystal load values are initial tuning targets.
J600,PCB_ONLY,LF coil ~500uH / soldered twisted pair,FieldDock:Antenna_2Pad_2mm,,,,,,NO,
D600,POPULATE,1N4148W-7-F,Diode_SMD:D_SOD-123,1N4148W-7-F,,,,,MPN identified; availability and package still review,
D601,POPULATE,MM3Z33VT1G 33V,Diode_SMD:D_SOD-323,MM3Z33VT1G,,,,,MPN identified; availability and package still review,
R608,POPULATE,330k 1%,Resistor_SMD:R_0402_1005Metric,,1%,,0.0625 W,,NO,"Minimum power target; exact vendor voltage, pulse and current ratings require approval. Supplier MPN is not frozen."
C606,POPULATE,10n X7R 100V,Capacitor_SMD:C_0603_1608Metric,,"5% for C0G; 10% for X7R, unless matching requires tighter",100 V minimum,,X7R,NO,Confirm effective capacitance at operating DC bias. RF matching and crystal load values are initial tuning targets. Supplier MPN is not frozen.
R609,POPULATE,5.1k,Resistor_SMD:R_0402_1005Metric,,1% (0-ohm links: max DCR/current must be confirmed),,0.0625 W,,NO,"Minimum power target; exact vendor voltage, pulse and current ratings require approval. Supplier MPN is not frozen."
C607,POPULATE,1n C0G 100V,Capacitor_SMD:C_0603_1608Metric,,"5% for C0G; 10% for X7R, unless matching requires tighter",100 V minimum,,C0G/NP0,NO,Confirm effective capacitance at operating DC bias. RF matching and crystal load values are initial tuning targets. Supplier MPN is not frozen.
C608,POPULATE,220n X7R 100V,Capacitor_SMD:C_0805_2012Metric,,"5% for C0G; 10% for X7R, unless matching requires tighter",100 V minimum,,X7R,NO,Confirm effective capacitance at operating DC bias. RF matching and crystal load values are initial tuning targets. Supplier MPN is not frozen.
U603,POPULATE,SN74LVC1G08DBVR,Package_TO_SOT_SMD:SOT-23-5,SN74LVC1G08DBVR,,,,,MPN identified; availability and package still review,
C609,POPULATE,100n 10V X7R,Capacitor_SMD:C_0402_1005Metric,,"5% for C0G; 10% for X7R, unless matching requires tighter",10 V minimum,,X7R,NO,Confirm effective capacitance at operating DC bias. RF matching and crystal load values are initial tuning targets. Supplier MPN is not frozen.
Q603,POPULATE,DMN5L06TK-7,Package_TO_SOT_SMD:SOT-523,DMN5L06TK-7,,,,,MPN identified; availability and package still review,
R610,POPULATE,440R,Resistor_SMD:R_0402_1005Metric,,1% (0-ohm links: max DCR/current must be confirmed),,0.0625 W,,NO,"Minimum power target; exact vendor voltage, pulse and current ratings require approval. Supplier MPN is not frozen."
R611,POPULATE,100k,Resistor_SMD:R_0402_1005Metric,,1% (0-ohm links: max DCR/current must be confirmed),,0.0625 W,,NO,"Minimum power target; exact vendor voltage, pulse and current ratings require approval. Supplier MPN is not frozen."
R612,POPULATE,330R 0.25W,Resistor_SMD:R_0805_2012Metric,,1% (0-ohm links: max DCR/current must be confirmed),,0.25 W,,NO,"Minimum power target; exact vendor voltage, pulse and current ratings require approval. Supplier MPN is not frozen."
R613,POPULATE,10R,Resistor_SMD:R_0402_1005Metric,,1% (0-ohm links: max DCR/current must be confirmed),,0.0625 W,,NO,"Minimum power target; exact vendor voltage, pulse and current ratings require approval. Supplier MPN is not frozen."
C610,POPULATE,1u 10V X7R,Capacitor_SMD:C_0603_1608Metric,,"5% for C0G; 10% for X7R, unless matching requires tighter",10 V minimum,,X7R,NO,Confirm effective capacitance at operating DC bias. RF matching and crystal load values are initial tuning targets. Supplier MPN is not frozen.
U604,POPULATE,LMV358AIDGKR,Package_SO:VSSOP-8_3x3mm_P0.65mm,LMV358AIDGKR,,,,,MPN identified; availability and package still review,
R614,POPULATE,33k 1%,Resistor_SMD:R_0402_1005Metric,,1%,,0.0625 W,,NO,"Minimum power target; exact vendor voltage, pulse and current ratings require approval. Supplier MPN is not frozen."
R615,POPULATE,33k 1%,Resistor_SMD:R_0402_1005Metric,,1%,,0.0625 W,,NO,"Minimum power target; exact vendor voltage, pulse and current ratings require approval. Supplier MPN is not frozen."
C611,POPULATE,1u 10V X7R,Capacitor_SMD:C_0603_1608Metric,,"5% for C0G; 10% for X7R, unless matching requires tighter",10 V minimum,,X7R,NO,Confirm effective capacitance at operating DC bias. RF matching and crystal load values are initial tuning targets. Supplier MPN is not frozen.
R616,POPULATE,1M 1%,Resistor_SMD:R_0402_1005Metric,,1%,,0.0625 W,,NO,"Minimum power target; exact vendor voltage, pulse and current ratings require approval. Supplier MPN is not frozen."
R617,POPULATE,1k 1%,Resistor_SMD:R_0402_1005Metric,,1%,,0.0625 W,,NO,"Minimum power target; exact vendor voltage, pulse and current ratings require approval. Supplier MPN is not frozen."
R618,POPULATE,4.7k 1%,Resistor_SMD:R_0402_1005Metric,,1%,,0.0625 W,,NO,"Minimum power target; exact vendor voltage, pulse and current ratings require approval. Supplier MPN is not frozen."
C612,POPULATE,100n 10V X7R,Capacitor_SMD:C_0402_1005Metric,,"5% for C0G; 10% for X7R, unless matching requires tighter",10 V minimum,,X7R,NO,Confirm effective capacitance at operating DC bias. RF matching and crystal load values are initial tuning targets. Supplier MPN is not frozen.
U605,POPULATE,LMV358AIDGKR,Package_SO:VSSOP-8_3x3mm_P0.65mm,LMV358AIDGKR,,,,,MPN identified; availability and package still review,
C613,POPULATE,100n 10V X7R,Capacitor_SMD:C_0402_1005Metric,,"5% for C0G; 10% for X7R, unless matching requires tighter",10 V minimum,,X7R,NO,Confirm effective capacitance at operating DC bias. RF matching and crystal load values are initial tuning targets. Supplier MPN is not frozen.
R620,POPULATE,1k 1%,Resistor_SMD:R_0402_1005Metric,,1%,,0.0625 W,,NO,"Minimum power target; exact vendor voltage, pulse and current ratings require approval. Supplier MPN is not frozen."
R621,POPULATE,1k 1%,Resistor_SMD:R_0402_1005Metric,,1%,,0.0625 W,,NO,"Minimum power target; exact vendor voltage, pulse and current ratings require approval. Supplier MPN is not frozen."
R622,POPULATE,10k 1%,Resistor_SMD:R_0402_1005Metric,,1%,,0.0625 W,,NO,"Minimum power target; exact vendor voltage, pulse and current ratings require approval. Supplier MPN is not frozen."
C620,POPULATE,4.7n C0G 50V,Capacitor_SMD:C_0402_1005Metric,,"5% for C0G; 10% for X7R, unless matching requires tighter",50 V minimum,,C0G/NP0,NO,Confirm effective capacitance at operating DC bias. RF matching and crystal load values are initial tuning targets. Supplier MPN is not frozen.
C621,POPULATE,100p C0G 50V,Capacitor_SMD:C_0402_1005Metric,,"5% for C0G; 10% for X7R, unless matching requires tighter",50 V minimum,,C0G/NP0,NO,Confirm effective capacitance at operating DC bias. RF matching and crystal load values are initial tuning targets. Supplier MPN is not frozen.
R623,POPULATE,1k 1%,Resistor_SMD:R_0402_1005Metric,,1%,,0.0625 W,,NO,"Minimum power target; exact vendor voltage, pulse and current ratings require approval. Supplier MPN is not frozen."
R624,POPULATE,1k 1%,Resistor_SMD:R_0402_1005Metric,,1%,,0.0625 W,,NO,"Minimum power target; exact vendor voltage, pulse and current ratings require approval. Supplier MPN is not frozen."
R625,POPULATE,10k 1%,Resistor_SMD:R_0402_1005Metric,,1%,,0.0625 W,,NO,"Minimum power target; exact vendor voltage, pulse and current ratings require approval. Supplier MPN is not frozen."
C622,POPULATE,4.7n C0G 50V,Capacitor_SMD:C_0402_1005Metric,,"5% for C0G; 10% for X7R, unless matching requires tighter",50 V minimum,,C0G/NP0,NO,Confirm effective capacitance at operating DC bias. RF matching and crystal load values are initial tuning targets. Supplier MPN is not frozen.
C623,POPULATE,100p C0G 50V,Capacitor_SMD:C_0402_1005Metric,,"5% for C0G; 10% for X7R, unless matching requires tighter",50 V minimum,,C0G/NP0,NO,Confirm effective capacitance at operating DC bias. RF matching and crystal load values are initial tuning targets. Supplier MPN is not frozen.
R626,POPULATE,33k 1%,Resistor_SMD:R_0402_1005Metric,,1%,,0.0625 W,,NO,"Minimum power target; exact vendor voltage, pulse and current ratings require approval. Supplier MPN is not frozen."
R627,POPULATE,20k 1%,Resistor_SMD:R_0402_1005Metric,,1%,,0.0625 W,,NO,"Minimum power target; exact vendor voltage, pulse and current ratings require approval. Supplier MPN is not frozen."
C624,POPULATE,100p C0G 50V,Capacitor_SMD:C_0402_1005Metric,,"5% for C0G; 10% for X7R, unless matching requires tighter",50 V minimum,,C0G/NP0,NO,Confirm effective capacitance at operating DC bias. RF matching and crystal load values are initial tuning targets. Supplier MPN is not frozen.
U606,POPULATE,LMV331IDCKR,Package_TO_SOT_SMD:SOT-353_SC-70-5,LMV331IDCKR,,,,,MPN identified; availability and package still review,
R628,POPULATE,330k 1%,Resistor_SMD:R_0402_1005Metric,,1%,,0.0625 W,,NO,"Minimum power target; exact vendor voltage, pulse and current ratings require approval. Supplier MPN is not frozen."
R629,POPULATE,10k,Resistor_SMD:R_0402_1005Metric,,1% (0-ohm links: max DCR/current must be confirmed),,0.0625 W,,NO,"Minimum power target; exact vendor voltage, pulse and current ratings require approval. Supplier MPN is not frozen."
C625,POPULATE,100n 10V X7R,Capacitor_SMD:C_0402_1005Metric,,"5% for C0G; 10% for X7R, unless matching requires tighter",10 V minimum,,X7R,NO,Confirm effective capacitance at operating DC bias. RF matching and crystal load values are initial tuning targets. Supplier MPN is not frozen.
D602,POPULATE,"BAT54S,215",Package_TO_SOT_SMD:SOT-23,"BAT54S,215",,,,,MPN identified; availability and package still review,
D603,POPULATE,"BAT54S,215",Package_TO_SOT_SMD:SOT-23,"BAT54S,215",,,,,MPN identified; availability and package still review,
U700,POPULATE,SN74CB3T3245PWR,Package_SO:TSSOP-20_4.4x6.5mm_P0.65mm,SN74CB3T3245PWR,,,,,MPN identified; availability and package still review,
C700,POPULATE,100n 10V X7R,Capacitor_SMD:C_0402_1005Metric,,"5% for C0G; 10% for X7R, unless matching requires tighter",10 V minimum,,X7R,NO,Confirm effective capacitance at operating DC bias. RF matching and crystal load values are initial tuning targets. Supplier MPN is not frozen.
U701,POPULATE,SN74CB3T3245PWR,Package_SO:TSSOP-20_4.4x6.5mm_P0.65mm,SN74CB3T3245PWR,,,,,MPN identified; availability and package still review,
C701,POPULATE,100n 10V X7R,Capacitor_SMD:C_0402_1005Metric,,"5% for C0G; 10% for X7R, unless matching requires tighter",10 V minimum,,X7R,NO,Confirm effective capacitance at operating DC bias. RF matching and crystal load values are initial tuning targets. Supplier MPN is not frozen.
R700,POPULATE,51R,Resistor_SMD:R_0402_1005Metric,,1% (0-ohm links: max DCR/current must be confirmed),,0.0625 W,,NO,"Minimum power target; exact vendor voltage, pulse and current ratings require approval. Supplier MPN is not frozen."
R701,POPULATE,51R,Resistor_SMD:R_0402_1005Metric,,1% (0-ohm links: max DCR/current must be confirmed),,0.0625 W,,NO,"Minimum power target; exact vendor voltage, pulse and current ratings require approval. Supplier MPN is not frozen."
R702,POPULATE,51R,Resistor_SMD:R_0402_1005Metric,,1% (0-ohm links: max DCR/current must be confirmed),,0.0625 W,,NO,"Minimum power target; exact vendor voltage, pulse and current ratings require approval. Supplier MPN is not frozen."
R703,POPULATE,51R,Resistor_SMD:R_0402_1005Metric,,1% (0-ohm links: max DCR/current must be confirmed),,0.0625 W,,NO,"Minimum power target; exact vendor voltage, pulse and current ratings require approval. Supplier MPN is not frozen."
R704,POPULATE,51R,Resistor_SMD:R_0402_1005Metric,,1% (0-ohm links: max DCR/current must be confirmed),,0.0625 W,,NO,"Minimum power target; exact vendor voltage, pulse and current ratings require approval. Supplier MPN is not frozen."
R705,POPULATE,51R,Resistor_SMD:R_0402_1005Metric,,1% (0-ohm links: max DCR/current must be confirmed),,0.0625 W,,NO,"Minimum power target; exact vendor voltage, pulse and current ratings require approval. Supplier MPN is not frozen."
R706,POPULATE,51R,Resistor_SMD:R_0402_1005Metric,,1% (0-ohm links: max DCR/current must be confirmed),,0.0625 W,,NO,"Minimum power target; exact vendor voltage, pulse and current ratings require approval. Supplier MPN is not frozen."
R707,POPULATE,51R,Resistor_SMD:R_0402_1005Metric,,1% (0-ohm links: max DCR/current must be confirmed),,0.0625 W,,NO,"Minimum power target; exact vendor voltage, pulse and current ratings require approval. Supplier MPN is not frozen."
R708,POPULATE,51R,Resistor_SMD:R_0402_1005Metric,,1% (0-ohm links: max DCR/current must be confirmed),,0.0625 W,,NO,"Minimum power target; exact vendor voltage, pulse and current ratings require approval. Supplier MPN is not frozen."
R709,POPULATE,51R,Resistor_SMD:R_0402_1005Metric,,1% (0-ohm links: max DCR/current must be confirmed),,0.0625 W,,NO,"Minimum power target; exact vendor voltage, pulse and current ratings require approval. Supplier MPN is not frozen."
R710,POPULATE,51R,Resistor_SMD:R_0402_1005Metric,,1% (0-ohm links: max DCR/current must be confirmed),,0.0625 W,,NO,"Minimum power target; exact vendor voltage, pulse and current ratings require approval. Supplier MPN is not frozen."
R711,POPULATE,51R,Resistor_SMD:R_0402_1005Metric,,1% (0-ohm links: max DCR/current must be confirmed),,0.0625 W,,NO,"Minimum power target; exact vendor voltage, pulse and current ratings require approval. Supplier MPN is not frozen."
R712,POPULATE,51R,Resistor_SMD:R_0402_1005Metric,,1% (0-ohm links: max DCR/current must be confirmed),,0.0625 W,,NO,"Minimum power target; exact vendor voltage, pulse and current ratings require approval. Supplier MPN is not frozen."
D700,POPULATE,TPD2EUSB30DRTR,Package_TO_SOT_SMD:Texas_DRT-3,TPD2EUSB30DRTR,,,,,MPN identified; availability and package still review,
D701,POPULATE,TPD2EUSB30DRTR,Package_TO_SOT_SMD:Texas_DRT-3,TPD2EUSB30DRTR,,,,,MPN identified; availability and package still review,
D702,POPULATE,TPD2EUSB30DRTR,Package_TO_SOT_SMD:Texas_DRT-3,TPD2EUSB30DRTR,,,,,MPN identified; availability and package still review,
D703,POPULATE,TPD2EUSB30DRTR,Package_TO_SOT_SMD:Texas_DRT-3,TPD2EUSB30DRTR,,,,,MPN identified; availability and package still review,
D704,POPULATE,TPD2EUSB30DRTR,Package_TO_SOT_SMD:Texas_DRT-3,TPD2EUSB30DRTR,,,,,MPN identified; availability and package still review,
D705,POPULATE,TPD2EUSB30DRTR,Package_TO_SOT_SMD:Texas_DRT-3,TPD2EUSB30DRTR,,,,,MPN identified; availability and package still review,
D706,POPULATE,TPD2EUSB30DRTR,Package_TO_SOT_SMD:Texas_DRT-3,TPD2EUSB30DRTR,,,,,MPN identified; availability and package still review,
R713,POPULATE,0R,Resistor_SMD:R_0402_1005Metric,,1% (0-ohm links: max DCR/current must be confirmed),,0.0625 W,,NO,"Minimum power target; exact vendor voltage, pulse and current ratings require approval. Supplier MPN is not frozen."
U702,POPULATE,TPS2553DBVR,Package_TO_SOT_SMD:SOT-23-6,TPS2553DBVR,,,,,MPN identified; availability and package still review,
R714,POPULATE,226k 1% / ~120mA limit,Resistor_SMD:R_0402_1005Metric,,1%,,0.0625 W,,NO,"Minimum power target; exact vendor voltage, pulse and current ratings require approval. Supplier MPN is not frozen."
R715,POPULATE,10k,Resistor_SMD:R_0402_1005Metric,,1% (0-ohm links: max DCR/current must be confirmed),,0.0625 W,,NO,"Minimum power target; exact vendor voltage, pulse and current ratings require approval. Supplier MPN is not frozen."
R716,POPULATE,10k output bleed,Resistor_SMD:R_0402_1005Metric,,1% (0-ohm links: max DCR/current must be confirmed),,0.0625 W,,NO,"Minimum power target; exact vendor voltage, pulse and current ratings require approval. Supplier MPN is not frozen."
C702,POPULATE,1u 10V X7R,Capacitor_SMD:C_0603_1608Metric,,"5% for C0G; 10% for X7R, unless matching requires tighter",10 V minimum,,X7R,NO,Confirm effective capacitance at operating DC bias. RF matching and crystal load values are initial tuning targets. Supplier MPN is not frozen.
C703,POPULATE,1u 10V X7R,Capacitor_SMD:C_0603_1608Metric,,"5% for C0G; 10% for X7R, unless matching requires tighter",10 V minimum,,X7R,NO,Confirm effective capacitance at operating DC bias. RF matching and crystal load values are initial tuning targets. Supplier MPN is not frozen.
J700,POPULATE,2x8 2.54mm GPIO 3.3V / 5V-tolerant inputs,Connector_PinHeader_2.54mm:PinHeader_2x08_P2.54mm_Vertical_SMD,,,,,,NO,Supplier MPN is not frozen.
R717,DNP,DNP 4.7k I2C pullup,Resistor_SMD:R_0402_1005Metric,,1% (0-ohm links: max DCR/current must be confirmed),,0.0625 W,,NO,"Minimum power target; exact vendor voltage, pulse and current ratings require approval."
R718,DNP,DNP 4.7k I2C pullup,Resistor_SMD:R_0402_1005Metric,,1% (0-ohm links: max DCR/current must be confirmed),,0.0625 W,,NO,"Minimum power target; exact vendor voltage, pulse and current ratings require approval."
TP700,PCB_ONLY,TARGET_POWER_FAULT_N,TestPoint:TestPoint_Pad_D1.0mm,,,,,,NO,
U710,POPULATE,TPS22919DCKR,Package_TO_SOT_SMD:SOT-363_SC-70-6,TPS22919DCKR,,,,,MPN identified; availability and package still review,
R7100,POPULATE,100R,Resistor_SMD:R_0402_1005Metric,,1% (0-ohm links: max DCR/current must be confirmed),,0.0625 W,,NO,"Minimum power target; exact vendor voltage, pulse and current ratings require approval. Supplier MPN is not frozen."
C710,POPULATE,1u 10V X7R,Capacitor_SMD:C_0603_1608Metric,,"5% for C0G; 10% for X7R, unless matching requires tighter",10 V minimum,,X7R,NO,Confirm effective capacitance at operating DC bias. RF matching and crystal load values are initial tuning targets. Supplier MPN is not frozen.
C711,POPULATE,4.7u 10V X7R,Capacitor_SMD:C_0603_1608Metric,,"5% for C0G; 10% for X7R, unless matching requires tighter",10 V minimum,,X7R,NO,Confirm effective capacitance at operating DC bias. RF matching and crystal load values are initial tuning targets. Supplier MPN is not frozen.
U711,POPULATE,SN74LVC1G08DBVR,Package_TO_SOT_SMD:SOT-23-5,SN74LVC1G08DBVR,,,,,MPN identified; availability and package still review,
C712,POPULATE,100n 10V X7R,Capacitor_SMD:C_0402_1005Metric_FieldDock_NoSilk,,"5% for C0G; 10% for X7R, unless matching requires tighter",10 V minimum,,X7R,NO,Confirm effective capacitance at operating DC bias. RF matching and crystal load values are initial tuning targets. Supplier MPN is not frozen.
Q710,POPULATE,DMN2058UW-7,Package_TO_SOT_SMD:SOT-323_SC-70,DMN2058UW-7,,,,,MPN identified; availability and package still review,
R719,POPULATE,100R,Resistor_SMD:R_0402_1005Metric,,1% (0-ohm links: max DCR/current must be confirmed),,0.0625 W,,NO,"Minimum power target; exact vendor voltage, pulse and current ratings require approval. Supplier MPN is not frozen."
R720,POPULATE,100k,Resistor_SMD:R_0402_1005Metric,,1% (0-ohm links: max DCR/current must be confirmed),,0.0625 W,,NO,"Minimum power target; exact vendor voltage, pulse and current ratings require approval. Supplier MPN is not frozen."
R721,POPULATE,82R 1% 0.25W,Resistor_SMD:R_0805_2012Metric,,1%,,0.25 W,,NO,"Minimum power target; exact vendor voltage, pulse and current ratings require approval. Supplier MPN is not frozen."
D710,POPULATE,VSMY14940 940nm,FieldDock:Vishay_VSMY14940,VSMY14940,,,,,MPN identified; availability and package still review,
R722,POPULATE,82R 1% 0.25W,Resistor_SMD:R_0805_2012Metric,,1%,,0.25 W,,NO,"Minimum power target; exact vendor voltage, pulse and current ratings require approval. Supplier MPN is not frozen."
D711,POPULATE,VSMY14940 940nm,FieldDock:Vishay_VSMY14940,VSMY14940,,,,,MPN identified; availability and package still review,
R723,POPULATE,82R 1% 0.25W,Resistor_SMD:R_0805_2012Metric,,1%,,0.25 W,,NO,"Minimum power target; exact vendor voltage, pulse and current ratings require approval. Supplier MPN is not frozen."
D712,POPULATE,VSMY14940 940nm,FieldDock:Vishay_VSMY14940,VSMY14940,,,,,MPN identified; availability and package still review,
R724,POPULATE,100R,Resistor_SMD:R_0402_1005Metric,,1% (0-ohm links: max DCR/current must be confirmed),,0.0625 W,,NO,"Minimum power target; exact vendor voltage, pulse and current ratings require approval. Supplier MPN is not frozen."
C713,POPULATE,1u 10V X7R,Capacitor_SMD:C_0603_1608Metric,,"5% for C0G; 10% for X7R, unless matching requires tighter",10 V minimum,,X7R,NO,Confirm effective capacitance at operating DC bias. RF matching and crystal load values are initial tuning targets. Supplier MPN is not frozen.
U712,POPULATE,TSOP75338TR,FieldDock:Vishay_TSOP753_TR,TSOP75338TR,,,,,MPN identified; availability and package still review,
R725,POPULATE,100k,Resistor_SMD:R_0402_1005Metric,,1% (0-ohm links: max DCR/current must be confirmed),,0.0625 W,,NO,"Minimum power target; exact vendor voltage, pulse and current ratings require approval. Supplier MPN is not frozen."
U713,POPULATE,SN74LVC1G08DBVR,Package_TO_SOT_SMD:SOT-23-5,SN74LVC1G08DBVR,,,,,MPN identified; availability and package still review,
C714,POPULATE,100n 10V X7R,Capacitor_SMD:C_0402_1005Metric,,"5% for C0G; 10% for X7R, unless matching requires tighter",10 V minimum,,X7R,NO,Confirm effective capacitance at operating DC bias. RF matching and crystal load values are initial tuning targets. Supplier MPN is not frozen.
Q711,POPULATE,DMN2004K-7,Package_TO_SOT_SMD:SOT-23,DMN2004K-7,,,,,MPN identified; availability and package still review,
R726,POPULATE,100R,Resistor_SMD:R_0402_1005Metric,,1% (0-ohm links: max DCR/current must be confirmed),,0.0625 W,,NO,"Minimum power target; exact vendor voltage, pulse and current ratings require approval. Supplier MPN is not frozen."
R727,POPULATE,100k,Resistor_SMD:R_0402_1005Metric,,1% (0-ohm links: max DCR/current must be confirmed),,0.0625 W,,NO,"Minimum power target; exact vendor voltage, pulse and current ratings require approval. Supplier MPN is not frozen."
D713,POPULATE,BAT54WS-7-F,Diode_SMD:D_SOD-323,BAT54WS-7-F,,,,,MPN identified; availability and package still review,
R728,POPULATE,4.7k,Resistor_SMD:R_0402_1005Metric,,1% (0-ohm links: max DCR/current must be confirmed),,0.0625 W,,NO,"Minimum power target; exact vendor voltage, pulse and current ratings require approval. Supplier MPN is not frozen."
R729,POPULATE,100R,Resistor_SMD:R_0402_1005Metric,,1% (0-ohm links: max DCR/current must be confirmed),,0.0625 W,,NO,"Minimum power target; exact vendor voltage, pulse and current ratings require approval. Supplier MPN is not frozen."
R730,POPULATE,100k,Resistor_SMD:R_0402_1005Metric,,1% (0-ohm links: max DCR/current must be confirmed),,0.0625 W,,NO,"Minimum power target; exact vendor voltage, pulse and current ratings require approval. Supplier MPN is not frozen."
D714,POPULATE,TPD2EUSB30DRTR,Package_TO_SOT_SMD:Texas_DRT-3,TPD2EUSB30DRTR,,,,,MPN identified; availability and package still review,
J710,PCB_ONLY,iButton contact probe / DATA GND,FieldDock:Antenna_2Pad_2mm,,,,,,NO,
U730,POPULATE,SN74LVC1G08DBVR,Package_TO_SOT_SMD:SOT-23-5,SN74LVC1G08DBVR,,,,,MPN identified; availability and package still review,
U731,POPULATE,SN74LVC1G04DBVR,Package_TO_SOT_SMD:SOT-23-5,SN74LVC1G04DBVR,,,,,MPN identified; availability and package still review,
R731,POPULATE,100k,Resistor_SMD:R_0402_1005Metric,,1% (0-ohm links: max DCR/current must be confirmed),,0.0625 W,,NO,"Minimum power target; exact vendor voltage, pulse and current ratings require approval. Supplier MPN is not frozen."
R732,POPULATE,10k,Resistor_SMD:R_0402_1005Metric,,1% (0-ohm links: max DCR/current must be confirmed),,0.0625 W,,NO,"Minimum power target; exact vendor voltage, pulse and current ratings require approval. Supplier MPN is not frozen."
C730,POPULATE,100n 10V X7R,Capacitor_SMD:C_0402_1005Metric,,"5% for C0G; 10% for X7R, unless matching requires tighter",10 V minimum,,X7R,NO,Confirm effective capacitance at operating DC bias. RF matching and crystal load values are initial tuning targets. Supplier MPN is not frozen.
C731,POPULATE,100n 10V X7R,Capacitor_SMD:C_0402_1005Metric,,"5% for C0G; 10% for X7R, unless matching requires tighter",10 V minimum,,X7R,NO,Confirm effective capacitance at operating DC bias. RF matching and crystal load values are initial tuning targets. Supplier MPN is not frozen.
C732,POPULATE,100n 10V X7R,Capacitor_SMD:C_0402_1005Metric,,"5% for C0G; 10% for X7R, unless matching requires tighter",10 V minimum,,X7R,NO,Confirm effective capacitance at operating DC bias. RF matching and crystal load values are initial tuning targets. Supplier MPN is not frozen.
U732,POPULATE,SN74CB3T3245PWR,Package_SO:TSSOP-20_4.4x6.5mm_P0.65mm,SN74CB3T3245PWR,,,,,MPN identified; availability and package still review,
R733,POPULATE,51R,Resistor_SMD:R_0402_1005Metric,,1% (0-ohm links: max DCR/current must be confirmed),,0.0625 W,,NO,"Minimum power target; exact vendor voltage, pulse and current ratings require approval. Supplier MPN is not frozen."
R734,POPULATE,51R,Resistor_SMD:R_0402_1005Metric,,1% (0-ohm links: max DCR/current must be confirmed),,0.0625 W,,NO,"Minimum power target; exact vendor voltage, pulse and current ratings require approval. Supplier MPN is not frozen."
R735,POPULATE,51R,Resistor_SMD:R_0402_1005Metric,,1% (0-ohm links: max DCR/current must be confirmed),,0.0625 W,,NO,"Minimum power target; exact vendor voltage, pulse and current ratings require approval. Supplier MPN is not frozen."
R736,POPULATE,51R,Resistor_SMD:R_0402_1005Metric,,1% (0-ohm links: max DCR/current must be confirmed),,0.0625 W,,NO,"Minimum power target; exact vendor voltage, pulse and current ratings require approval. Supplier MPN is not frozen."
R737,POPULATE,51R,Resistor_SMD:R_0402_1005Metric,,1% (0-ohm links: max DCR/current must be confirmed),,0.0625 W,,NO,"Minimum power target; exact vendor voltage, pulse and current ratings require approval. Supplier MPN is not frozen."
D730,POPULATE,TPD2EUSB30DRTR,Package_TO_SOT_SMD:Texas_DRT-3,TPD2EUSB30DRTR,,,,,MPN identified; availability and package still review,
D731,POPULATE,TPD2EUSB30DRTR,Package_TO_SOT_SMD:Texas_DRT-3,TPD2EUSB30DRTR,,,,,MPN identified; availability and package still review,
D732,POPULATE,TPD2EUSB30DRTR,Package_TO_SOT_SMD:Texas_DRT-3,TPD2EUSB30DRTR,,,,,MPN identified; availability and package still review,
J730,POPULATE,SM08B-GHS-TB(LF)(SN) AUX powered probe,Connector_JST:JST_GH_SM08B-GHS-TB_1x08-1MP_P1.25mm_Horizontal,SM08B-GHS-TB(LF)(SN),,,,,MPN identified; availability and package still review,
U740,POPULATE,SN74LVC1G08DBVR,Package_TO_SOT_SMD:SOT-23-5,SN74LVC1G08DBVR,,,,,MPN identified; availability and package still review,
C740,POPULATE,100n 10V X7R,Capacitor_SMD:C_0402_1005Metric,,"5% for C0G; 10% for X7R, unless matching requires tighter",10 V minimum,,X7R,NO,Confirm effective capacitance at operating DC bias. RF matching and crystal load values are initial tuning targets. Supplier MPN is not frozen.
C741,POPULATE,100n 16V X7R series AC,Capacitor_SMD:C_0603_1608Metric,,"5% for C0G; 10% for X7R, unless matching requires tighter",16 V minimum,,X7R,NO,Confirm effective capacitance at operating DC bias. RF matching and crystal load values are initial tuning targets. Supplier MPN is not frozen.
R740,POPULATE,100R,Resistor_SMD:R_0402_1005Metric,,1% (0-ohm links: max DCR/current must be confirmed),,0.0625 W,,NO,"Minimum power target; exact vendor voltage, pulse and current ratings require approval. Supplier MPN is not frozen."
R741,POPULATE,100k,Resistor_SMD:R_0402_1005Metric,,1% (0-ohm links: max DCR/current must be confirmed),,0.0625 W,,NO,"Minimum power target; exact vendor voltage, pulse and current ratings require approval. Supplier MPN is not frozen."
BZ740,POPULATE,PKMCS0909E4000-R1,FieldDock:Murata_PKMCS0909,PKMCS0909E4000-R1,,,,,MPN identified; availability and package still review,
U741,POPULATE,SN74LVC1G08DBVR,Package_TO_SOT_SMD:SOT-23-5,SN74LVC1G08DBVR,,,,,MPN identified; availability and package still review,
C742,POPULATE,100n 10V X7R,Capacitor_SMD:C_0402_1005Metric,,"5% for C0G; 10% for X7R, unless matching requires tighter",10 V minimum,,X7R,NO,Confirm effective capacitance at operating DC bias. RF matching and crystal load values are initial tuning targets. Supplier MPN is not frozen.
R742,POPULATE,100R,Resistor_SMD:R_0402_1005Metric,,1% (0-ohm links: max DCR/current must be confirmed),,0.0625 W,,NO,"Minimum power target; exact vendor voltage, pulse and current ratings require approval. Supplier MPN is not frozen."
R743,POPULATE,100k,Resistor_SMD:R_0402_1005Metric,,1% (0-ohm links: max DCR/current must be confirmed),,0.0625 W,,NO,"Minimum power target; exact vendor voltage, pulse and current ratings require approval. Supplier MPN is not frozen."
Q740,POPULATE,DMN2058UW-7,Package_TO_SOT_SMD:SOT-323_SC-70,DMN2058UW-7,,,,,MPN identified; availability and package still review,
D740,POPULATE,1N4148W-7-F flyback,Diode_SMD:D_SOD-123,1N4148W-7-F,,,,,MPN identified; availability and package still review,
J740,PCB_ONLY,3V 8x2mm coin motor / wire attach,FieldDock:Antenna_2Pad_2mm,,,,,,NO,
